method,modality,dataset,seeds,test_n,nonempty_n,empty_n,overall_dice_mean,overall_dice_std,nonempty_dice_mean,nonempty_dice_std,nonempty_iou_mean,nonempty_iou_std,nonempty_empty_prediction_rate_mean,nonempty_empty_prediction_rate_std,empty_specificity_mean,empty_specificity_std,empty_false_positive_rate_mean,empty_false_positive_rate_std
MedCLIPSeg,image+text,medclipseg_busi,3,78,65,13,0.861304654,0.010872331,0.833565585,0.013046797,0.752225821,0.013365947,0.000000000,0.000000000,1.000000000,0.000000000,0.000000000,0.000000000
MedCLIPSeg,image+text,medclipseg_clinicdb,3,61,61,0,0.919609579,0.000691623,0.919609579,0.000691623,0.856423432,0.000967733,0.000000000,0.000000000,,,,
MedCLIPSeg,image+text,medclipseg_busbra,3,282,282,0,0.884674669,0.006567982,0.884674669,0.006567982,0.804646467,0.007617104,0.000000000,0.000000000,,,,
MedCLIPSeg,image+text,medclipseg_brisc,3,892,753,139,0.813592033,0.017888876,0.779182062,0.021191072,0.673555717,0.026732907,0.010624170,0.004788249,1.000000000,0.000000000,0.000000000,0.000000000
MedCLIPSeg,image+text,medclipseg_covid19,3,2113,2113,0,0.826199012,0.011914962,0.826199012,0.011914962,0.734655146,0.014846006,0.000000000,0.000000000,,,,
CausalCLIPSeg,image+text,medclipseg_busi,3,78,65,13,0.846165675,0.010661382,0.815398810,0.012793659,0.737587985,0.015255828,0.000000000,0.000000000,1.000000000,0.000000000,0.000000000,0.000000000
CausalCLIPSeg,image+text,medclipseg_clinicdb,3,61,61,0,0.911861339,0.010981672,0.911861339,0.010981672,0.851717650,0.012565257,0.000000000,0.000000000,,,,
CausalCLIPSeg,image+text,medclipseg_busbra,3,282,282,0,0.888732236,0.004856352,0.888732236,0.004856352,0.813834475,0.006382619,0.000000000,0.000000000,,,,
CausalCLIPSeg,image+text,medclipseg_brisc,3,892,753,139,0.861124714,0.003101854,0.835489037,0.003674440,0.751344085,0.006063162,0.005754759,0.008842401,1.000000000,0.000000000,0.000000000,0.000000000
CausalCLIPSeg,image+text,medclipseg_covid19,3,2113,2113,0,0.818500149,0.001488603,0.818500149,0.001488603,0.729107958,0.001180419,0.000788768,0.000722918,,,,
LViT,image+text,medclipseg_busi,3,78,65,13,0.818071286,0.008888093,0.791941954,0.006539722,0.705851605,0.006868921,0.005128205,0.008882312,0.948717949,0.044411559,0.051282051,0.044411559
LViT,image+text,medclipseg_clinicdb,3,61,61,0,0.910309301,0.005344185,0.910309301,0.005344185,0.848920749,0.005797676,0.000000000,0.000000000,,,,
LViT,image+text,medclipseg_busbra,3,282,282,0,0.876602571,0.001408652,0.876602571,0.001408652,0.797533973,0.001508464,0.000000000,0.000000000,,,,
LViT,image+text,medclipseg_brisc,3,892,753,139,0.852402275,0.000597637,0.830025892,0.002574553,0.750667907,0.002328566,0.014608234,0.001328021,0.973621103,0.014976014,0.026378897,0.014976014
LViT,image+text,medclipseg_covid19,3,2113,2113,0,0.785035262,0.004377054,0.785035262,0.004377054,0.690297548,0.004068684,0.006467897,0.003614589,,,,
MedEquiSeg,image+text,medclipseg_busi,3,78,65,13,0.857810791,0.004543296,0.829372949,0.005451956,0.753876205,0.002787710,0.000000000,0.000000000,1.000000000,0.000000000,0.000000000,0.000000000
MedEquiSeg,image+text,medclipseg_clinicdb,3,61,61,0,0.920718481,0.007149228,0.920718481,0.007149228,0.863632186,0.006059238,0.000000000,0.000000000,,,,
MedEquiSeg,image+text,medclipseg_busbra,3,282,282,0,0.902371243,0.001436145,0.902371243,0.001436145,0.831524622,0.001048064,0.000000000,0.000000000,,,,
MedEquiSeg,image+text,medclipseg_brisc,3,892,753,139,0.871815831,0.001426500,0.848153681,0.001689824,0.766828706,0.001569116,0.004426737,0.002028586,1.000000000,0.000000000,0.000000000,0.000000000
MedEquiSeg,image+text,medclipseg_covid19,3,2113,2113,0,0.840831933,0.001336891,0.840831933,0.001336891,0.755089097,0.001352987,0.000631014,0.000273237,,,,
RollingUNet,image-only,medclipseg_busi,3,78,65,13,0.723581205,0.011958792,0.755476933,0.009545786,0.667937313,0.006112543,0.000000000,0.000000000,0.564102564,0.117501941,0.435897436,0.117501941
RollingUNet,image-only,medclipseg_clinicdb,3,61,61,0,0.873090945,0.007670839,0.873090945,0.007670839,0.801218098,0.009109141,0.010928962,0.009464759,,,,
RollingUNet,image-only,medclipseg_busbra,3,282,282,0,0.880042012,0.004546175,0.880042012,0.004546175,0.802641232,0.005614107,0.001182033,0.002047341,,,,
RollingUNet,image-only,medclipseg_brisc,3,892,753,139,0.850320261,0.006485817,0.827116874,0.006171926,0.742167840,0.005598379,0.015050907,0.002764497,0.976019185,0.008307198,0.023980815,0.008307198
RollingUNet,image-only,medclipseg_covid19,3,2113,2113,0,0.793187306,0.002352230,0.793187306,0.002352230,0.698235546,0.003424936,0.001893043,0.000946522,,,,
U-Net,image-only,medclipseg_busi,3,78,65,13,0.613075688,0.011635673,0.735690826,0.013962807,0.632424903,0.018602861,0.000000000,0.000000000,0.000000000,0.000000000,1.000000000,0.000000000
U-Net,image-only,medclipseg_clinicdb,3,61,61,0,0.856092060,0.012810823,0.856092060,0.012810823,0.777201344,0.013809780,0.000000000,0.000000000,,,,
U-Net,image-only,medclipseg_busbra,3,282,282,0,0.873509444,0.001308698,0.873509444,0.001308698,0.790628738,0.001731085,0.000000000,0.000000000,,,,
U-Net,image-only,medclipseg_brisc,3,892,753,139,0.849974353,0.001199561,0.824493744,0.000804168,0.735639629,0.000935849,0.005312085,0.002300200,0.988009592,0.004153599,0.011990408,0.004153599
U-Net,image-only,medclipseg_covid19,3,2113,2113,0,0.788063637,0.000745514,0.788063637,0.000745514,0.690186490,0.001189528,0.000000000,0.000000000,,,,
U-Net++,image-only,medclipseg_busi,3,78,65,13,0.762127201,0.006689717,0.791475718,0.007453430,0.709879656,0.006166226,0.000000000,0.000000000,0.615384615,0.076923077,0.384615385,0.076923077
U-Net++,image-only,medclipseg_clinicdb,3,61,61,0,0.897716000,0.006427362,0.897716000,0.006427362,0.832030104,0.008343423,0.000000000,0.000000000,,,,
U-Net++,image-only,medclipseg_busbra,3,282,282,0,0.885901603,0.000598942,0.885901603,0.000598942,0.811182086,0.000656329,0.000000000,0.000000000,,,,
U-Net++,image-only,medclipseg_brisc,3,892,753,139,0.859399221,0.004064458,0.838757112,0.003882989,0.756425234,0.003014164,0.003541390,0.001533467,0.971223022,0.012460797,0.028776978,0.012460797
U-Net++,image-only,medclipseg_covid19,3,2113,2113,0,0.800038582,0.000584517,0.800038582,0.000584517,0.705101986,0.000765526,0.000000000,0.000000000,,,,
nnU-Net,image-only,medclipseg_busi,3,78,65,13,0.749905966,0.002306820,0.771682031,0.006665342,0.695404626,0.007821965,0.030769231,0.015384615,0.641025641,0.044411559,0.358974359,0.044411559
nnU-Net,image-only,medclipseg_clinicdb,3,61,61,0,0.936224262,0.003052068,0.936224262,0.003052068,0.886285661,0.002874988,0.000000000,0.000000000,,,,
nnU-Net,image-only,medclipseg_busbra,3,282,282,0,0.898030485,0.004413978,0.898030485,0.004413978,0.828980488,0.004819590,0.000000000,0.000000000,,,,
nnU-Net,image-only,medclipseg_brisc,3,892,753,139,0.872950213,0.003535196,0.850825485,0.003421328,0.779945753,0.004309115,0.016378929,0.003342114,0.992805755,0.007194245,0.007194245,0.007194245
nnU-Net,image-only,medclipseg_covid19,3,2113,2113,0,0.790652387,0.001369942,0.790652387,0.001369942,0.696671187,0.002425114,0.007098912,0.001419782,,,,
U-Mamba,image-only,medclipseg_busi,3,78,65,13,0.766323756,0.008019066,0.796511585,0.009622879,0.718833359,0.006600870,0.005128205,0.008882312,0.615384615,0.000000000,0.384615385,0.000000000
U-Mamba,image-only,medclipseg_clinicdb,3,61,61,0,0.922085814,0.001585327,0.922085814,0.001585327,0.871227546,0.003304405,0.000000000,0.000000000,,,,
U-Mamba,image-only,medclipseg_busbra,3,282,282,0,0.903404436,0.004590458,0.903404436,0.004590458,0.835776428,0.004742327,0.000000000,0.000000000,,,,
U-Mamba,image-only,medclipseg_brisc,3,892,753,139,0.853710632,0.005795251,0.827591700,0.006716101,0.754069222,0.007766924,0.023019035,0.003833667,0.995203837,0.004153599,0.004796163,0.004153599
U-Mamba,image-only,medclipseg_covid19,3,2113,2113,0,0.790756767,0.003129830,0.790756767,0.003129830,0.696832807,0.004232767,0.006152390,0.001639423,,,,
U-KAN,image-only,medclipseg_busi,3,78,65,13,0.770963799,0.033280986,0.796951431,0.004849037,0.716297031,0.005674339,0.000000000,0.000000000,0.641025641,0.177646237,0.358974359,0.177646237
U-KAN,image-only,medclipseg_clinicdb,3,61,61,0,0.913958087,0.003400202,0.913958087,0.003400202,0.853100530,0.003303775,0.000000000,0.000000000,,,,
U-KAN,image-only,medclipseg_busbra,3,282,282,0,0.885575933,0.007477868,0.885575933,0.007477868,0.811885559,0.008117203,0.000000000,0.000000000,,,,
U-KAN,image-only,medclipseg_brisc,3,892,753,139,0.854541947,0.003182338,0.832117862,0.001893987,0.747666388,0.002623213,0.014165560,0.003066934,0.976019185,0.010989390,0.023980815,0.010989390
U-KAN,image-only,medclipseg_covid19,3,2113,2113,0,0.793816334,0.002105038,0.793816334,0.002105038,0.699106040,0.002992388,0.003786086,0.001706366,,,,
