method,modality,dataset,seed,test_n,nonempty_n,empty_n,overall_dice,nonempty_dice,nonempty_iou,empty_specificity,empty_false_positive_rate,nonempty_empty_prediction_rate,source
MedCLIPSeg,image+text,medclipseg_busi,123,78,65,13,0.851191217948718,0.8214294615384615,0.7390023538461539,1.0,0.0,0.0,<PROJECT_ROOT>/logs/protocol_v3/abb8ccb2d46cf039a4a0c573d733e3bc510636e6dfa7e59032508ab96fc0f718/V3_MEDCLIPSEG_OFFICIAL/medclipseg_busi/seed123/controls/true/per_case.csv
MedCLIPSeg,image+text,medclipseg_busi,456,78,65,13,0.872803141025641,0.8473637692307693,0.7657298307692307,1.0,0.0,0.0,<PROJECT_ROOT>/logs/protocol_v3/abb8ccb2d46cf039a4a0c573d733e3bc510636e6dfa7e59032508ab96fc0f718/V3_MEDCLIPSEG_OFFICIAL/medclipseg_busi/seed456/controls/true/per_case.csv
MedCLIPSeg,image+text,medclipseg_busi,789,78,65,13,0.8599196025641026,0.8319035230769231,0.7519452769230769,1.0,0.0,0.0,<PROJECT_ROOT>/logs/protocol_v3/abb8ccb2d46cf039a4a0c573d733e3bc510636e6dfa7e59032508ab96fc0f718/V3_MEDCLIPSEG_OFFICIAL/medclipseg_busi/seed789/controls/true/per_case.csv
MedCLIPSeg,image+text,medclipseg_clinicdb,123,61,61,0,0.9201951967213114,0.9201951967213114,0.8574729344262295,,,0.0,<PROJECT_ROOT>/logs/protocol_v3/abb8ccb2d46cf039a4a0c573d733e3bc510636e6dfa7e59032508ab96fc0f718/V3_MEDCLIPSEG_OFFICIAL/medclipseg_clinicdb/seed123/controls/true/per_case.csv
MedCLIPSeg,image+text,medclipseg_clinicdb,456,61,61,0,0.9188465245901639,0.9188465245901639,0.855566393442623,,,0.0,<PROJECT_ROOT>/logs/protocol_v3/abb8ccb2d46cf039a4a0c573d733e3bc510636e6dfa7e59032508ab96fc0f718/V3_MEDCLIPSEG_OFFICIAL/medclipseg_clinicdb/seed456/controls/true/per_case.csv
MedCLIPSeg,image+text,medclipseg_clinicdb,789,61,61,0,0.9197870163934426,0.9197870163934426,0.8562309672131148,,,0.0,<PROJECT_ROOT>/logs/protocol_v3/abb8ccb2d46cf039a4a0c573d733e3bc510636e6dfa7e59032508ab96fc0f718/V3_MEDCLIPSEG_OFFICIAL/medclipseg_clinicdb/seed789/controls/true/per_case.csv
MedCLIPSeg,image+text,medclipseg_busbra,123,282,282,0,0.8772507304964539,0.8772507304964539,0.7961057517730497,,,0.0,<PROJECT_ROOT>/logs/protocol_v3/abb8ccb2d46cf039a4a0c573d733e3bc510636e6dfa7e59032508ab96fc0f718/V3_MEDCLIPSEG_OFFICIAL/medclipseg_busbra/seed123/controls/true/per_case.csv
MedCLIPSeg,image+text,medclipseg_busbra,456,282,282,0,0.8870441631205673,0.8870441631205673,0.8070968226950355,,,0.0,<PROJECT_ROOT>/logs/protocol_v3/abb8ccb2d46cf039a4a0c573d733e3bc510636e6dfa7e59032508ab96fc0f718/V3_MEDCLIPSEG_OFFICIAL/medclipseg_busbra/seed456/controls/true/per_case.csv
MedCLIPSeg,image+text,medclipseg_busbra,789,282,282,0,0.8897291134751774,0.8897291134751774,0.8107368262411347,,,0.0,<PROJECT_ROOT>/logs/protocol_v3/abb8ccb2d46cf039a4a0c573d733e3bc510636e6dfa7e59032508ab96fc0f718/V3_MEDCLIPSEG_OFFICIAL/medclipseg_busbra/seed789/controls/true/per_case.csv
MedCLIPSeg,image+text,medclipseg_brisc,123,892,753,139,0.8327844551569507,0.8019173094289509,0.7028626932270916,1.0,0.0,0.005312084993359893,<PROJECT_ROOT>/logs/protocol_v3/abb8ccb2d46cf039a4a0c573d733e3bc510636e6dfa7e59032508ab96fc0f718/V3_MEDCLIPSEG_OFFICIAL/medclipseg_brisc/seed123/controls/true/per_case.csv
MedCLIPSeg,image+text,medclipseg_brisc,456,892,753,139,0.797381437219731,0.7599790730411686,0.6505073386454183,1.0,0.0,0.014608233731739707,<PROJECT_ROOT>/logs/protocol_v3/abb8ccb2d46cf039a4a0c573d733e3bc510636e6dfa7e59032508ab96fc0f718/V3_MEDCLIPSEG_OFFICIAL/medclipseg_brisc/seed456/controls/true/per_case.csv
MedCLIPSeg,image+text,medclipseg_brisc,789,892,753,139,0.8106102051569507,0.7756498047808765,0.6672971181938911,1.0,0.0,0.01195219123505976,<PROJECT_ROOT>/logs/protocol_v3/abb8ccb2d46cf039a4a0c573d733e3bc510636e6dfa7e59032508ab96fc0f718/V3_MEDCLIPSEG_OFFICIAL/medclipseg_brisc/seed789/controls/true/per_case.csv
MedCLIPSeg,image+text,medclipseg_covid19,123,2113,2113,0,0.8274944027449125,0.8274944027449125,0.7367239001419782,,,0.0,<PROJECT_ROOT>/logs/protocol_v3/abb8ccb2d46cf039a4a0c573d733e3bc510636e6dfa7e59032508ab96fc0f718/V3_MEDCLIPSEG_OFFICIAL/medclipseg_covid19/seed123/controls/true/per_case.csv
MedCLIPSeg,image+text,medclipseg_covid19,456,2113,2113,0,0.8374133473734028,0.8374133473734028,0.7483582749645055,,,0.0,<PROJECT_ROOT>/logs/protocol_v3/abb8ccb2d46cf039a4a0c573d733e3bc510636e6dfa7e59032508ab96fc0f718/V3_MEDCLIPSEG_OFFICIAL/medclipseg_covid19/seed456/controls/true/per_case.csv
MedCLIPSeg,image+text,medclipseg_covid19,789,2113,2113,0,0.8136892849029815,0.8136892849029815,0.7188832626597255,,,0.0,<PROJECT_ROOT>/logs/protocol_v3/abb8ccb2d46cf039a4a0c573d733e3bc510636e6dfa7e59032508ab96fc0f718/V3_MEDCLIPSEG_OFFICIAL/medclipseg_covid19/seed789/controls/true/per_case.csv
MedCLIPSeg,image+text,busi_hf,123,102,102,0,0.8666310784313725,0.8666310784313725,0.7826053431372549,,,0.0,<PROJECT_ROOT>/logs/protocol_v3/87227702b7ed4d29fe7071a89e74cd68177e5204d74287b4808120154b600cec/V3_MEDCLIPSEG_OFFICIAL/busi_hf/seed123/controls/true/per_case.csv
MedCLIPSeg,image+text,busi_hf,456,102,102,0,0.8556839019607844,0.8556839019607844,0.7691138725490196,,,0.0,<PROJECT_ROOT>/logs/protocol_v3/87227702b7ed4d29fe7071a89e74cd68177e5204d74287b4808120154b600cec/V3_MEDCLIPSEG_OFFICIAL/busi_hf/seed456/controls/true/per_case.csv
MedCLIPSeg,image+text,busi_hf,789,102,102,0,0.854387725490196,0.854387725490196,0.7688000784313725,,,0.0,<PROJECT_ROOT>/logs/protocol_v3/87227702b7ed4d29fe7071a89e74cd68177e5204d74287b4808120154b600cec/V3_MEDCLIPSEG_OFFICIAL/busi_hf/seed789/controls/true/per_case.csv
CausalCLIPSeg,image+text,medclipseg_busi,123,78,65,13,0.853304076923077,0.8239648923076923,0.7465171692307693,1.0,0.0,0.0,<PROJECT_ROOT>/logs/protocol_v3/abb8ccb2d46cf039a4a0c573d733e3bc510636e6dfa7e59032508ab96fc0f718/V3_R0/medclipseg_busi/seed123/controls/true/per_case.csv
CausalCLIPSeg,image+text,medclipseg_busi,456,78,65,13,0.8339104230769231,0.8006925076923077,0.7199726307692308,1.0,0.0,0.0,<PROJECT_ROOT>/logs/protocol_v3/abb8ccb2d46cf039a4a0c573d733e3bc510636e6dfa7e59032508ab96fc0f718/V3_R0/medclipseg_busi/seed456/controls/true/per_case.csv
CausalCLIPSeg,image+text,medclipseg_busi,789,78,65,13,0.8512825256410257,0.8215390307692307,0.7462741538461538,1.0,0.0,0.0,<PROJECT_ROOT>/logs/protocol_v3/abb8ccb2d46cf039a4a0c573d733e3bc510636e6dfa7e59032508ab96fc0f718/V3_R0/medclipseg_busi/seed789/controls/true/per_case.csv
CausalCLIPSeg,image+text,medclipseg_clinicdb,123,61,61,0,0.901527,0.901527,0.8432398852459017,,,0.0,<PROJECT_ROOT>/logs/protocol_v3/abb8ccb2d46cf039a4a0c573d733e3bc510636e6dfa7e59032508ab96fc0f718/V3_R0/medclipseg_clinicdb/seed123/controls/true/per_case.csv
CausalCLIPSeg,image+text,medclipseg_clinicdb,456,61,61,0,0.9233923278688525,0.9233923278688525,0.8661536557377049,,,0.0,<PROJECT_ROOT>/logs/protocol_v3/abb8ccb2d46cf039a4a0c573d733e3bc510636e6dfa7e59032508ab96fc0f718/V3_R0/medclipseg_clinicdb/seed456/controls/true/per_case.csv
CausalCLIPSeg,image+text,medclipseg_clinicdb,789,61,61,0,0.9106646885245901,0.9106646885245901,0.8457594098360656,,,0.0,<PROJECT_ROOT>/logs/protocol_v3/abb8ccb2d46cf039a4a0c573d733e3bc510636e6dfa7e59032508ab96fc0f718/V3_R0/medclipseg_clinicdb/seed789/controls/true/per_case.csv
CausalCLIPSeg,image+text,medclipseg_busbra,123,282,282,0,0.887599255319149,0.887599255319149,0.8119626489361702,,,0.0,<PROJECT_ROOT>/logs/protocol_v3/abb8ccb2d46cf039a4a0c573d733e3bc510636e6dfa7e59032508ab96fc0f718/V3_R0/medclipseg_busbra/seed123/controls/true/per_case.csv
CausalCLIPSeg,image+text,medclipseg_busbra,456,282,282,0,0.8940549255319149,0.8940549255319149,0.8209437198581561,,,0.0,<PROJECT_ROOT>/logs/protocol_v3/abb8ccb2d46cf039a4a0c573d733e3bc510636e6dfa7e59032508ab96fc0f718/V3_R0/medclipseg_busbra/seed456/controls/true/per_case.csv
CausalCLIPSeg,image+text,medclipseg_busbra,789,282,282,0,0.8845425283687943,0.8845425283687943,0.8085970567375886,,,0.0,<PROJECT_ROOT>/logs/protocol_v3/abb8ccb2d46cf039a4a0c573d733e3bc510636e6dfa7e59032508ab96fc0f718/V3_R0/medclipseg_busbra/seed789/controls/true/per_case.csv
CausalCLIPSeg,image+text,medclipseg_brisc,123,892,753,139,0.8639272320627802,0.8388088857901727,0.7567723173970784,1.0,0.0,0.01593625498007968,<PROJECT_ROOT>/logs/protocol_v3/abb8ccb2d46cf039a4a0c573d733e3bc510636e6dfa7e59032508ab96fc0f718/V3_R0/medclipseg_brisc/seed123/controls/true/per_case.csv
CausalCLIPSeg,image+text,medclipseg_brisc,456,892,753,139,0.8616550134529148,0.8361172270916335,0.7524591513944223,1.0,0.0,0.0013280212483399733,<PROJECT_ROOT>/logs/protocol_v3/abb8ccb2d46cf039a4a0c573d733e3bc510636e6dfa7e59032508ab96fc0f718/V3_R0/medclipseg_brisc/seed456/controls/true/per_case.csv
CausalCLIPSeg,image+text,medclipseg_brisc,789,892,753,139,0.8577918968609866,0.8315409986719787,0.7448007848605578,1.0,0.0,0.0,<PROJECT_ROOT>/logs/protocol_v3/abb8ccb2d46cf039a4a0c573d733e3bc510636e6dfa7e59032508ab96fc0f718/V3_R0/medclipseg_brisc/seed789/controls/true/per_case.csv
CausalCLIPSeg,image+text,medclipseg_covid19,123,2113,2113,0,0.8169631140558448,0.8169631140558448,0.7277546109796498,,,0.001419782300047326,<PROJECT_ROOT>/logs/protocol_v3/abb8ccb2d46cf039a4a0c573d733e3bc510636e6dfa7e59032508ab96fc0f718/V3_R0/medclipseg_covid19/seed123/controls/true/per_case.csv
CausalCLIPSeg,image+text,medclipseg_covid19,456,2113,2113,0,0.8186022721249409,0.8186022721249409,0.7296441732134407,,,0.000946521533364884,<PROJECT_ROOT>/logs/protocol_v3/abb8ccb2d46cf039a4a0c573d733e3bc510636e6dfa7e59032508ab96fc0f718/V3_R0/medclipseg_covid19/seed456/controls/true/per_case.csv
CausalCLIPSeg,image+text,medclipseg_covid19,789,2113,2113,0,0.819935061050639,0.819935061050639,0.7299250884997633,,,0.0,<PROJECT_ROOT>/logs/protocol_v3/abb8ccb2d46cf039a4a0c573d733e3bc510636e6dfa7e59032508ab96fc0f718/V3_R0/medclipseg_covid19/seed789/controls/true/per_case.csv
CausalCLIPSeg,image+text,busi_hf,123,102,102,0,0.8473295490196079,0.8473295490196079,0.7621094509803922,,,0.0,<PROJECT_ROOT>/logs/protocol_v3/87227702b7ed4d29fe7071a89e74cd68177e5204d74287b4808120154b600cec/V3_R0/busi_hf/seed123/controls/true/per_case.csv
CausalCLIPSeg,image+text,busi_hf,456,102,102,0,0.8444185294117648,0.8444185294117648,0.7626093725490196,,,0.00980392156862745,<PROJECT_ROOT>/logs/protocol_v3/87227702b7ed4d29fe7071a89e74cd68177e5204d74287b4808120154b600cec/V3_R0/busi_hf/seed456/controls/true/per_case.csv
CausalCLIPSeg,image+text,busi_hf,789,102,102,0,0.8476370196078431,0.8476370196078431,0.7669424117647059,,,0.0,<PROJECT_ROOT>/logs/protocol_v3/87227702b7ed4d29fe7071a89e74cd68177e5204d74287b4808120154b600cec/V3_R0/busi_hf/seed789/controls/true/per_case.csv
LViT,image+text,medclipseg_busi,123,78,65,13,0.8194490384615385,0.7987234615384615,0.7118361076923077,0.9230769230769231,0.07692307692307687,0.015384615384615385,<PROJECT_ROOT>/logs/protocol_v3/abb8ccb2d46cf039a4a0c573d733e3bc510636e6dfa7e59032508ab96fc0f718/V3_LVIT_PUBMEDBERT/medclipseg_busi/seed123/controls/true/per_case.csv
LViT,image+text,medclipseg_busi,456,78,65,13,0.8085747692307692,0.7856743384615384,0.6983514307692308,0.9230769230769231,0.07692307692307687,0.0,<PROJECT_ROOT>/logs/protocol_v3/abb8ccb2d46cf039a4a0c573d733e3bc510636e6dfa7e59032508ab96fc0f718/V3_LVIT_PUBMEDBERT/medclipseg_busi/seed456/controls/true/per_case.csv
LViT,image+text,medclipseg_busi,789,78,65,13,0.8261900512820513,0.7914280615384616,0.7073672769230769,1.0,0.0,0.0,<PROJECT_ROOT>/logs/protocol_v3/abb8ccb2d46cf039a4a0c573d733e3bc510636e6dfa7e59032508ab96fc0f718/V3_LVIT_PUBMEDBERT/medclipseg_busi/seed789/controls/true/per_case.csv
LViT,image+text,medclipseg_clinicdb,123,61,61,0,0.9163610819672131,0.9163610819672131,0.854749737704918,,,0.0,<PROJECT_ROOT>/logs/protocol_v3/abb8ccb2d46cf039a4a0c573d733e3bc510636e6dfa7e59032508ab96fc0f718/V3_LVIT_PUBMEDBERT/medclipseg_clinicdb/seed123/controls/true/per_case.csv
LViT,image+text,medclipseg_clinicdb,456,61,61,0,0.9062382950819672,0.9062382950819672,0.8488576065573771,,,0.0,<PROJECT_ROOT>/logs/protocol_v3/abb8ccb2d46cf039a4a0c573d733e3bc510636e6dfa7e59032508ab96fc0f718/V3_LVIT_PUBMEDBERT/medclipseg_clinicdb/seed456/controls/true/per_case.csv
LViT,image+text,medclipseg_clinicdb,789,61,61,0,0.9083285245901639,0.9083285245901639,0.8431549016393443,,,0.0,<PROJECT_ROOT>/logs/protocol_v3/abb8ccb2d46cf039a4a0c573d733e3bc510636e6dfa7e59032508ab96fc0f718/V3_LVIT_PUBMEDBERT/medclipseg_clinicdb/seed789/controls/true/per_case.csv
LViT,image+text,medclipseg_busbra,123,282,282,0,0.8754793226950355,0.8754793226950355,0.7960031205673759,,,0.0,<PROJECT_ROOT>/logs/protocol_v3/abb8ccb2d46cf039a4a0c573d733e3bc510636e6dfa7e59032508ab96fc0f718/V3_LVIT_PUBMEDBERT/medclipseg_busbra/seed123/controls/true/per_case.csv
LViT,image+text,medclipseg_busbra,456,282,282,0,0.8781830354609929,0.8781830354609929,0.7990190035460993,,,0.0,<PROJECT_ROOT>/logs/protocol_v3/abb8ccb2d46cf039a4a0c573d733e3bc510636e6dfa7e59032508ab96fc0f718/V3_LVIT_PUBMEDBERT/medclipseg_busbra/seed456/controls/true/per_case.csv
LViT,image+text,medclipseg_busbra,789,282,282,0,0.876145354609929,0.876145354609929,0.7975797943262412,,,0.0,<PROJECT_ROOT>/logs/protocol_v3/abb8ccb2d46cf039a4a0c573d733e3bc510636e6dfa7e59032508ab96fc0f718/V3_LVIT_PUBMEDBERT/medclipseg_busbra/seed789/controls/true/per_case.csv
LViT,image+text,medclipseg_brisc,123,892,753,139,0.8519901132286996,0.8326363625498008,0.7526830876494024,0.9568345323741008,0.043165467625899234,0.01593625498007968,<PROJECT_ROOT>/logs/protocol_v3/abb8ccb2d46cf039a4a0c573d733e3bc510636e6dfa7e59032508ab96fc0f718/V3_LVIT_PUBMEDBERT/medclipseg_brisc/seed123/controls/true/per_case.csv
LViT,image+text,medclipseg_brisc,456,892,753,139,0.8530876917040359,0.8299524847277556,0.7512019083665339,0.9784172661870504,0.021582733812949617,0.014608233731739707,<PROJECT_ROOT>/logs/protocol_v3/abb8ccb2d46cf039a4a0c573d733e3bc510636e6dfa7e59032508ab96fc0f718/V3_LVIT_PUBMEDBERT/medclipseg_brisc/seed456/controls/true/per_case.csv
LViT,image+text,medclipseg_brisc,789,892,753,139,0.8521290213004484,0.8274888273572377,0.7481187250996016,0.9856115107913669,0.014388489208633115,0.013280212483399735,<PROJECT_ROOT>/logs/protocol_v3/abb8ccb2d46cf039a4a0c573d733e3bc510636e6dfa7e59032508ab96fc0f718/V3_LVIT_PUBMEDBERT/medclipseg_brisc/seed789/controls/true/per_case.csv
LViT,image+text,medclipseg_covid19,123,2113,2113,0,0.7900753260766682,0.7900753260766682,0.6947681140558448,,,0.003312825366777094,<PROJECT_ROOT>/logs/protocol_v3/abb8ccb2d46cf039a4a0c573d733e3bc510636e6dfa7e59032508ab96fc0f718/V3_LVIT_PUBMEDBERT/medclipseg_covid19/seed123/controls/true/per_case.csv
LViT,image+text,medclipseg_covid19,456,2113,2113,0,0.7828422124940843,0.7828422124940843,0.6868113776620918,,,0.005679129200189304,<PROJECT_ROOT>/logs/protocol_v3/abb8ccb2d46cf039a4a0c573d733e3bc510636e6dfa7e59032508ab96fc0f718/V3_LVIT_PUBMEDBERT/medclipseg_covid19/seed456/controls/true/per_case.csv
LViT,image+text,medclipseg_covid19,789,2113,2113,0,0.7821882479886417,0.7821882479886417,0.6893131533364885,,,0.010411736867013724,<PROJECT_ROOT>/logs/protocol_v3/abb8ccb2d46cf039a4a0c573d733e3bc510636e6dfa7e59032508ab96fc0f718/V3_LVIT_PUBMEDBERT/medclipseg_covid19/seed789/controls/true/per_case.csv
LViT,image+text,busi_hf,123,102,102,0,0.8466017450980392,0.8466017450980392,0.7606669215686275,,,0.0,<PROJECT_ROOT>/logs/protocol_v3/87227702b7ed4d29fe7071a89e74cd68177e5204d74287b4808120154b600cec/V3_LVIT_PUBMEDBERT/busi_hf/seed123/controls/true/per_case.csv
LViT,image+text,busi_hf,456,102,102,0,0.8276147156862745,0.8276147156862745,0.7429250392156863,,,0.0,<PROJECT_ROOT>/logs/protocol_v3/87227702b7ed4d29fe7071a89e74cd68177e5204d74287b4808120154b600cec/V3_LVIT_PUBMEDBERT/busi_hf/seed456/controls/true/per_case.csv
LViT,image+text,busi_hf,789,102,102,0,0.8311128823529412,0.8311128823529412,0.7420857058823529,,,0.0,<PROJECT_ROOT>/logs/protocol_v3/87227702b7ed4d29fe7071a89e74cd68177e5204d74287b4808120154b600cec/V3_LVIT_PUBMEDBERT/busi_hf/seed789/controls/true/per_case.csv
MedEquiSeg,image+text,medclipseg_busi,123,78,65,13,0.8589885384615384,0.8307862461538461,0.7525486923076923,1.0,0.0,0.0,<PROJECT_ROOT>/logs/protocol_v3/abb8ccb2d46cf039a4a0c573d733e3bc510636e6dfa7e59032508ab96fc0f718/V3_ABL_EQUIPROMPT/medclipseg_busi/seed123/controls/true/per_case.csv
MedEquiSeg,image+text,medclipseg_busi,456,78,65,13,0.8527945897435898,0.8233535076923076,0.7520003538461538,1.0,0.0,0.0,<PROJECT_ROOT>/logs/protocol_v3/abb8ccb2d46cf039a4a0c573d733e3bc510636e6dfa7e59032508ab96fc0f718/V3_ABL_EQUIPROMPT/medclipseg_busi/seed456/controls/true/per_case.csv
MedEquiSeg,image+text,medclipseg_busi,789,78,65,13,0.8616492435897436,0.8339790923076923,0.7570795692307692,1.0,0.0,0.0,<PROJECT_ROOT>/logs/protocol_v3/abb8ccb2d46cf039a4a0c573d733e3bc510636e6dfa7e59032508ab96fc0f718/V3_ABL_EQUIPROMPT/medclipseg_busi/seed789/controls/true/per_case.csv
MedEquiSeg,image+text,medclipseg_clinicdb,123,61,61,0,0.9262649016393443,0.9262649016393443,0.8691890491803279,,,0.0,<PROJECT_ROOT>/logs/protocol_v3/abb8ccb2d46cf039a4a0c573d733e3bc510636e6dfa7e59032508ab96fc0f718/V3_ABL_EQUIPROMPT/medclipseg_clinicdb/seed123/controls/true/per_case.csv
MedEquiSeg,image+text,medclipseg_clinicdb,456,61,61,0,0.9232404918032787,0.9232404918032787,0.8645355081967213,,,0.0,<PROJECT_ROOT>/logs/protocol_v3/abb8ccb2d46cf039a4a0c573d733e3bc510636e6dfa7e59032508ab96fc0f718/V3_ABL_EQUIPROMPT/medclipseg_clinicdb/seed456/controls/true/per_case.csv
MedEquiSeg,image+text,medclipseg_clinicdb,789,61,61,0,0.9126500491803279,0.9126500491803279,0.857172,,,0.0,<PROJECT_ROOT>/logs/protocol_v3/abb8ccb2d46cf039a4a0c573d733e3bc510636e6dfa7e59032508ab96fc0f718/V3_ABL_EQUIPROMPT/medclipseg_clinicdb/seed789/controls/true/per_case.csv
MedEquiSeg,image+text,medclipseg_busbra,123,282,282,0,0.9038451666666667,0.9038451666666667,0.8326757907801419,,,0.0,<PROJECT_ROOT>/logs/protocol_v3/abb8ccb2d46cf039a4a0c573d733e3bc510636e6dfa7e59032508ab96fc0f718/V3_ABL_EQUIPROMPT/medclipseg_busbra/seed123/controls/true/per_case.csv
MedEquiSeg,image+text,medclipseg_busbra,456,282,282,0,0.9022924432624113,0.9022924432624113,0.8306257021276596,,,0.0,<PROJECT_ROOT>/logs/protocol_v3/abb8ccb2d46cf039a4a0c573d733e3bc510636e6dfa7e59032508ab96fc0f718/V3_ABL_EQUIPROMPT/medclipseg_busbra/seed456/controls/true/per_case.csv
MedEquiSeg,image+text,medclipseg_busbra,789,282,282,0,0.9009761205673759,0.9009761205673759,0.8312723723404255,,,0.0,<PROJECT_ROOT>/logs/protocol_v3/abb8ccb2d46cf039a4a0c573d733e3bc510636e6dfa7e59032508ab96fc0f718/V3_ABL_EQUIPROMPT/medclipseg_busbra/seed789/controls/true/per_case.csv
MedEquiSeg,image+text,medclipseg_brisc,123,892,753,139,0.8731559652466367,0.8497411965471448,0.7685632443559097,1.0,0.0,0.0026560424966799467,<PROJECT_ROOT>/logs/protocol_v3/abb8ccb2d46cf039a4a0c573d733e3bc510636e6dfa7e59032508ab96fc0f718/V3_ABL_EQUIPROMPT/medclipseg_brisc/seed123/controls/true/per_case.csv
MedEquiSeg,image+text,medclipseg_brisc,456,892,753,139,0.8719751816143497,0.8483424462151394,0.766414930942895,1.0,0.0,0.006640106241699867,<PROJECT_ROOT>/logs/protocol_v3/abb8ccb2d46cf039a4a0c573d733e3bc510636e6dfa7e59032508ab96fc0f718/V3_ABL_EQUIPROMPT/medclipseg_brisc/seed456/controls/true/per_case.csv
MedEquiSeg,image+text,medclipseg_brisc,789,892,753,139,0.8703163475336323,0.8463773997343957,0.7655079428950863,1.0,0.0,0.00398406374501992,<PROJECT_ROOT>/logs/protocol_v3/abb8ccb2d46cf039a4a0c573d733e3bc510636e6dfa7e59032508ab96fc0f718/V3_ABL_EQUIPROMPT/medclipseg_brisc/seed789/controls/true/per_case.csv
MedEquiSeg,image+text,medclipseg_covid19,123,2113,2113,0,0.8401055873166114,0.8401055873166114,0.7544902673923332,,,0.000473260766682442,<PROJECT_ROOT>/logs/protocol_v3/abb8ccb2d46cf039a4a0c573d733e3bc510636e6dfa7e59032508ab96fc0f718/V3_ABL_EQUIPROMPT/medclipseg_covid19/seed123/controls/true/per_case.csv
MedEquiSeg,image+text,medclipseg_covid19,456,2113,2113,0,0.8423747638428775,0.8423747638428775,0.7566381618551822,,,0.000473260766682442,<PROJECT_ROOT>/logs/protocol_v3/abb8ccb2d46cf039a4a0c573d733e3bc510636e6dfa7e59032508ab96fc0f718/V3_ABL_EQUIPROMPT/medclipseg_covid19/seed456/controls/true/per_case.csv
MedEquiSeg,image+text,medclipseg_covid19,789,2113,2113,0,0.8400154472314245,0.8400154472314245,0.7541388618078562,,,0.000946521533364884,<PROJECT_ROOT>/logs/protocol_v3/abb8ccb2d46cf039a4a0c573d733e3bc510636e6dfa7e59032508ab96fc0f718/V3_ABL_EQUIPROMPT/medclipseg_covid19/seed789/controls/true/per_case.csv
MedEquiSeg,image+text,busi_hf,123,102,102,0,0.8586482941176471,0.8586482941176471,0.7771561078431373,,,0.0,<PROJECT_ROOT>/logs/protocol_v3/87227702b7ed4d29fe7071a89e74cd68177e5204d74287b4808120154b600cec/V3_R11/busi_hf/seed123/controls/true/per_case.csv
MedEquiSeg,image+text,busi_hf,456,102,102,0,0.8585633333333333,0.8585633333333333,0.775508362745098,,,0.0,<PROJECT_ROOT>/logs/protocol_v3/87227702b7ed4d29fe7071a89e74cd68177e5204d74287b4808120154b600cec/V3_R11/busi_hf/seed456/controls/true/per_case.csv
MedEquiSeg,image+text,busi_hf,789,102,102,0,0.8525041470588235,0.8525041470588235,0.7718237745098039,,,0.0,<PROJECT_ROOT>/logs/protocol_v3/87227702b7ed4d29fe7071a89e74cd68177e5204d74287b4808120154b600cec/V3_R11/busi_hf/seed789/controls/true/per_case.csv
RollingUNet,image-only,medclipseg_busi,123,78,65,13,0.7145929230769231,0.7652038153846153,0.6739662,0.46153846153846156,0.5384615384615384,0.0,<PROJECT_ROOT>/logs/protocol_v3_rolling_canonical/medclipseg_busi/seed123/controls/true/per_case.csv
RollingUNet,image-only,medclipseg_busi,456,78,65,13,0.7371539358974359,0.7461231846153846,0.6617444153846154,0.6923076923076923,0.3076923076923077,0.0,<PROJECT_ROOT>/logs/protocol_v3_rolling_canonical/medclipseg_busi/seed456/controls/true/per_case.csv
RollingUNet,image-only,medclipseg_busi,789,78,65,13,0.7189967564102564,0.7551038,0.668101323076923,0.5384615384615384,0.46153846153846156,0.0,<PROJECT_ROOT>/logs/protocol_v3_rolling_canonical/medclipseg_busi/seed789/controls/true/per_case.csv
RollingUNet,image-only,medclipseg_clinicdb,123,61,61,0,0.8752886721311476,0.8752886721311476,0.8061985901639345,,,0.01639344262295082,<PROJECT_ROOT>/logs/protocol_v3_rolling_canonical/medclipseg_clinicdb/seed123/controls/true/per_case.csv
RollingUNet,image-only,medclipseg_clinicdb,456,61,61,0,0.8794230491803279,0.8794230491803279,0.8067510983606557,,,0.0,<PROJECT_ROOT>/logs/protocol_v3_rolling_canonical/medclipseg_clinicdb/seed456/controls/true/per_case.csv
RollingUNet,image-only,medclipseg_clinicdb,789,61,61,0,0.8645611147540984,0.8645611147540984,0.7907046065573771,,,0.01639344262295082,<PROJECT_ROOT>/logs/protocol_v3_rolling_canonical/medclipseg_clinicdb/seed789/controls/true/per_case.csv
RollingUNet,image-only,medclipseg_busbra,123,282,282,0,0.8772537872340426,0.8772537872340426,0.7981668368794326,,,0.0,<PROJECT_ROOT>/logs/protocol_v3_rolling_canonical/medclipseg_busbra/seed123/controls/true/per_case.csv
RollingUNet,image-only,medclipseg_busbra,456,282,282,0,0.8852880141843972,0.8852880141843972,0.8089408226950354,,,0.0,<PROJECT_ROOT>/logs/protocol_v3_rolling_canonical/medclipseg_busbra/seed456/controls/true/per_case.csv
RollingUNet,image-only,medclipseg_busbra,789,282,282,0,0.8775842340425531,0.8775842340425531,0.8008160354609929,,,0.0035460992907801418,<PROJECT_ROOT>/logs/protocol_v3_rolling_canonical/medclipseg_busbra/seed789/controls/true/per_case.csv
RollingUNet,image-only,medclipseg_brisc,123,892,753,139,0.8476075762331838,0.8247887888446215,0.7397410252324037,0.9712230215827338,0.02877697841726623,0.017264276228419653,<PROJECT_ROOT>/logs/protocol_v3_rolling_canonical/medclipseg_brisc/seed123/controls/true/per_case.csv
RollingUNet,image-only,medclipseg_brisc,456,892,753,139,0.8456312062780269,0.8224475909694555,0.7381923386454183,0.9712230215827338,0.02877697841726623,0.01593625498007968,<PROJECT_ROOT>/logs/protocol_v3_rolling_canonical/medclipseg_brisc/seed456/controls/true/per_case.csv
RollingUNet,image-only,medclipseg_brisc,789,892,753,139,0.857722,0.8341142416998671,0.7485701567065073,0.9856115107913669,0.014388489208633115,0.01195219123505976,<PROJECT_ROOT>/logs/protocol_v3_rolling_canonical/medclipseg_brisc/seed789/controls/true/per_case.csv
RollingUNet,image-only,medclipseg_covid19,123,2113,2113,0,0.7906188225272125,0.7906188225272125,0.6947373516327496,,,0.000946521533364884,<PROJECT_ROOT>/logs/protocol_v3_rolling_canonical/medclipseg_covid19/seed123/controls/true/per_case.csv
RollingUNet,image-only,medclipseg_covid19,456,2113,2113,0,0.7937065939422622,0.7937065939422622,0.6983870946521533,,,0.001893043066729768,<PROJECT_ROOT>/logs/protocol_v3_rolling_canonical/medclipseg_covid19/seed456/controls/true/per_case.csv
RollingUNet,image-only,medclipseg_covid19,789,2113,2113,0,0.7952365021296735,0.7952365021296735,0.7015821916706105,,,0.002839564600094652,<PROJECT_ROOT>/logs/protocol_v3_rolling_canonical/medclipseg_covid19/seed789/controls/true/per_case.csv
RollingUNet,image-only,busi_hf,123,102,102,0,0.8387659705882353,0.8387659705882353,0.7540612745098039,,,0.0,<PROJECT_ROOT>/logs/protocol_v3_rolling_canonical/busi_hf/seed123/controls/true/per_case.csv
RollingUNet,image-only,busi_hf,456,102,102,0,0.8225444215686275,0.8225444215686275,0.7382724705882353,,,0.00980392156862745,<PROJECT_ROOT>/logs/protocol_v3_rolling_canonical/busi_hf/seed456/controls/true/per_case.csv
RollingUNet,image-only,busi_hf,789,102,102,0,0.8383394215686274,0.8383394215686274,0.7516746764705883,,,0.0,<PROJECT_ROOT>/logs/protocol_v3_rolling_canonical/busi_hf/seed789/controls/true/per_case.csv
U-Net,image-only,medclipseg_busi,123,78,65,13,0.6058429487179487,0.7270115384615384,0.623603923076923,0.0,1.0,0.0,<PROJECT_ROOT>/logs/protocol_v3_image_baselines/unet/medclipseg_busi/seed123/controls/true/per_case.csv
U-Net,image-only,medclipseg_busi,456,78,65,13,0.606886217948718,0.7282634615384616,0.6198734,0.0,1.0,0.0,<PROJECT_ROOT>/logs/protocol_v3_image_baselines/unet/medclipseg_busi/seed456/controls/true/per_case.csv
U-Net,image-only,medclipseg_busi,789,78,65,13,0.6264978974358975,0.751797476923077,0.6537973846153846,0.0,1.0,0.0,<PROJECT_ROOT>/logs/protocol_v3_image_baselines/unet/medclipseg_busi/seed789/controls/true/per_case.csv
U-Net,image-only,medclipseg_clinicdb,123,61,61,0,0.841309737704918,0.841309737704918,0.7612589508196721,,,0.0,<PROJECT_ROOT>/logs/protocol_v3_image_baselines/unet/medclipseg_clinicdb/seed123/controls/true/per_case.csv
U-Net,image-only,medclipseg_clinicdb,456,61,61,0,0.8639621803278689,0.8639621803278689,0.7854726721311476,,,0.0,<PROJECT_ROOT>/logs/protocol_v3_image_baselines/unet/medclipseg_clinicdb/seed456/controls/true/per_case.csv
U-Net,image-only,medclipseg_clinicdb,789,61,61,0,0.863004262295082,0.863004262295082,0.7848724098360655,,,0.0,<PROJECT_ROOT>/logs/protocol_v3_image_baselines/unet/medclipseg_clinicdb/seed789/controls/true/per_case.csv
U-Net,image-only,medclipseg_busbra,123,282,282,0,0.8741690106382979,0.8741690106382979,0.791439244680851,,,0.0,<PROJECT_ROOT>/logs/protocol_v3_image_baselines/unet/medclipseg_busbra/seed123/controls/true/per_case.csv
U-Net,image-only,medclipseg_busbra,456,282,282,0,0.8743571241134752,0.8743571241134752,0.7918058758865248,,,0.0,<PROJECT_ROOT>/logs/protocol_v3_image_baselines/unet/medclipseg_busbra/seed456/controls/true/per_case.csv
U-Net,image-only,medclipseg_busbra,789,282,282,0,0.8720021985815603,0.8720021985815603,0.7886410921985816,,,0.0,<PROJECT_ROOT>/logs/protocol_v3_image_baselines/unet/medclipseg_busbra/seed789/controls/true/per_case.csv
U-Net,image-only,medclipseg_brisc,123,892,753,139,0.8488275739910314,0.8235779495351926,0.7356778353253652,0.9856115107913669,0.014388489208633115,0.00398406374501992,<PROJECT_ROOT>/logs/protocol_v3_image_baselines/unet/medclipseg_brisc/seed123/controls/true/per_case.csv
U-Net,image-only,medclipseg_brisc,456,892,753,139,0.8512205123318386,0.8250845909694555,0.7346852629482071,0.9928057553956835,0.007194244604316502,0.00398406374501992,<PROJECT_ROOT>/logs/protocol_v3_image_baselines/unet/medclipseg_brisc/seed456/controls/true/per_case.csv
U-Net,image-only,medclipseg_brisc,789,892,753,139,0.8498749719730941,0.8248186918990704,0.7365557901726427,0.9856115107913669,0.014388489208633115,0.00796812749003984,<PROJECT_ROOT>/logs/protocol_v3_image_baselines/unet/medclipseg_brisc/seed789/controls/true/per_case.csv
U-Net,image-only,medclipseg_covid19,123,2113,2113,0,0.7886246530998581,0.7886246530998581,0.6904491386654046,,,0.0,<PROJECT_ROOT>/logs/protocol_v3_image_baselines/unet/medclipseg_covid19/seed123/controls/true/per_case.csv
U-Net,image-only,medclipseg_covid19,456,2113,2113,0,0.788348582110743,0.788348582110743,0.691222744439186,,,0.0,<PROJECT_ROOT>/logs/protocol_v3_image_baselines/unet/medclipseg_covid19/seed456/controls/true/per_case.csv
U-Net,image-only,medclipseg_covid19,789,2113,2113,0,0.7872176758163748,0.7872176758163748,0.6888875873166115,,,0.0,<PROJECT_ROOT>/logs/protocol_v3_image_baselines/unet/medclipseg_covid19/seed789/controls/true/per_case.csv
U-Net,image-only,busi_hf,123,102,102,0,0.8313014215686274,0.8313014215686274,0.7402534803921569,,,0.0,<PROJECT_ROOT>/logs/protocol_v3_image_baselines/unet/busi_hf/seed123/controls/true/per_case.csv
U-Net,image-only,busi_hf,456,102,102,0,0.8305309019607843,0.8305309019607843,0.7382025490196078,,,0.0,<PROJECT_ROOT>/logs/protocol_v3_image_baselines/unet/busi_hf/seed456/controls/true/per_case.csv
U-Net,image-only,busi_hf,789,102,102,0,0.8304765980392157,0.8304765980392157,0.7405773137254902,,,0.0,<PROJECT_ROOT>/logs/protocol_v3_image_baselines/unet/busi_hf/seed789/controls/true/per_case.csv
U-Net++,image-only,medclipseg_busi,123,78,65,13,0.7612975384615385,0.7904801230769231,0.7082716307692307,0.6153846153846154,0.3846153846153846,0.0,<PROJECT_ROOT>/logs/protocol_v3_image_baselines/unetplusplus/medclipseg_busi/seed123/controls/true/per_case.csv
U-Net++,image-only,medclipseg_busi,456,78,65,13,0.7691930512820513,0.7845701230769231,0.7046767538461538,0.6923076923076923,0.3076923076923077,0.0,<PROJECT_ROOT>/logs/protocol_v3_image_baselines/unetplusplus/medclipseg_busi/seed456/controls/true/per_case.csv
U-Net++,image-only,medclipseg_busi,789,78,65,13,0.7558910128205129,0.7993769076923077,0.7166905846153846,0.5384615384615384,0.46153846153846156,0.0,<PROJECT_ROOT>/logs/protocol_v3_image_baselines/unetplusplus/medclipseg_busi/seed789/controls/true/per_case.csv
U-Net++,image-only,medclipseg_clinicdb,123,61,61,0,0.8994577704918033,0.8994577704918033,0.8336829344262295,,,0.0,<PROJECT_ROOT>/logs/protocol_v3_image_baselines/unetplusplus/medclipseg_clinicdb/seed123/controls/true/per_case.csv
U-Net++,image-only,medclipseg_clinicdb,456,61,61,0,0.9030929672131147,0.9030929672131147,0.8394234098360656,,,0.0,<PROJECT_ROOT>/logs/protocol_v3_image_baselines/unetplusplus/medclipseg_clinicdb/seed456/controls/true/per_case.csv
U-Net++,image-only,medclipseg_clinicdb,789,61,61,0,0.890597262295082,0.890597262295082,0.8229839672131147,,,0.0,<PROJECT_ROOT>/logs/protocol_v3_image_baselines/unetplusplus/medclipseg_clinicdb/seed789/controls/true/per_case.csv
U-Net++,image-only,medclipseg_busbra,123,282,282,0,0.8862202127659574,0.8862202127659574,0.8117509007092198,,,0.0,<PROJECT_ROOT>/logs/protocol_v3_image_baselines/unetplusplus/medclipseg_busbra/seed123/controls/true/per_case.csv
U-Net++,image-only,medclipseg_busbra,456,282,282,0,0.8852106985815603,0.8852106985815603,0.8104639680851063,,,0.0,<PROJECT_ROOT>/logs/protocol_v3_image_baselines/unetplusplus/medclipseg_busbra/seed456/controls/true/per_case.csv
U-Net++,image-only,medclipseg_busbra,789,282,282,0,0.8862738971631205,0.8862738971631205,0.811331390070922,,,0.0,<PROJECT_ROOT>/logs/protocol_v3_image_baselines/unetplusplus/medclipseg_busbra/seed789/controls/true/per_case.csv
U-Net++,image-only,medclipseg_brisc,123,892,753,139,0.857581331838565,0.8352756281540504,0.7541524342629482,0.9784172661870504,0.021582733812949617,0.0026560424966799467,<PROJECT_ROOT>/logs/protocol_v3_image_baselines/unetplusplus/medclipseg_brisc/seed123/controls/true/per_case.csv
U-Net++,image-only,medclipseg_brisc,456,892,753,139,0.8640553352017937,0.8429446998671979,0.7598443891102258,0.9784172661870504,0.021582733812949617,0.0026560424966799467,<PROJECT_ROOT>/logs/protocol_v3_image_baselines/unetplusplus/medclipseg_brisc/seed456/controls/true/per_case.csv
U-Net++,image-only,medclipseg_brisc,789,892,753,139,0.8565609966367713,0.8380510079681275,0.7552788778220452,0.9568345323741008,0.043165467625899234,0.005312084993359893,<PROJECT_ROOT>/logs/protocol_v3_image_baselines/unetplusplus/medclipseg_brisc/seed789/controls/true/per_case.csv
U-Net++,image-only,medclipseg_covid19,123,2113,2113,0,0.7995270170373876,0.7995270170373876,0.7046139933743493,,,0.0,<PROJECT_ROOT>/logs/protocol_v3_image_baselines/unetplusplus/medclipseg_covid19/seed123/controls/true/per_case.csv
U-Net++,image-only,medclipseg_covid19,456,2113,2113,0,0.8006756601987696,0.8006756601987696,0.7059842830099384,,,0.0,<PROJECT_ROOT>/logs/protocol_v3_image_baselines/unetplusplus/medclipseg_covid19/seed456/controls/true/per_case.csv
U-Net++,image-only,medclipseg_covid19,789,2113,2113,0,0.7999130700425935,0.7999130700425935,0.7047076810222432,,,0.0,<PROJECT_ROOT>/logs/protocol_v3_image_baselines/unetplusplus/medclipseg_covid19/seed789/controls/true/per_case.csv
U-Net++,image-only,busi_hf,123,102,102,0,0.8590663235294118,0.8590663235294118,0.7764424509803921,,,0.0,<PROJECT_ROOT>/logs/protocol_v3_image_baselines/unetplusplus/busi_hf/seed123/controls/true/per_case.csv
U-Net++,image-only,busi_hf,456,102,102,0,0.8459668823529412,0.8459668823529412,0.7622842941176471,,,0.0,<PROJECT_ROOT>/logs/protocol_v3_image_baselines/unetplusplus/busi_hf/seed456/controls/true/per_case.csv
U-Net++,image-only,busi_hf,789,102,102,0,0.8490770784313726,0.8490770784313726,0.7645131078431373,,,0.0,<PROJECT_ROOT>/logs/protocol_v3_image_baselines/unetplusplus/busi_hf/seed789/controls/true/per_case.csv
nnU-Net,image-only,medclipseg_busi,123,78,65,13,0.747575217948718,0.7740133384615384,0.6968327846153846,0.6153846153846154,0.3846153846153846,0.046153846153846156,<PROJECT_ROOT>/logs/protocol_v3_image_baselines/nnunet/medclipseg_busi/seed123/controls/true/per_case.csv
nnU-Net,image-only,medclipseg_busi,456,78,65,13,0.7499545897435898,0.7768685846153847,0.7024141076923077,0.6153846153846154,0.3846153846153846,0.03076923076923077,<PROJECT_ROOT>/logs/protocol_v3_image_baselines/nnunet/medclipseg_busi/seed456/controls/true/per_case.csv
nnU-Net,image-only,medclipseg_busi,789,78,65,13,0.7521880897435897,0.7641641692307692,0.6869669846153846,0.6923076923076923,0.3076923076923077,0.015384615384615385,<PROJECT_ROOT>/logs/protocol_v3_image_baselines/nnunet/medclipseg_busi/seed789/controls/true/per_case.csv
nnU-Net,image-only,medclipseg_clinicdb,123,61,61,0,0.9346571475409836,0.9346571475409836,0.8843291147540984,,,0.0,<PROJECT_ROOT>/logs/protocol_v3_image_baselines/nnunet/medclipseg_clinicdb/seed123/controls/true/per_case.csv
nnU-Net,image-only,medclipseg_clinicdb,456,61,61,0,0.9397415409836065,0.9397415409836065,0.8895865409836066,,,0.0,<PROJECT_ROOT>/logs/protocol_v3_image_baselines/nnunet/medclipseg_clinicdb/seed456/controls/true/per_case.csv
nnU-Net,image-only,medclipseg_clinicdb,789,61,61,0,0.9342740983606558,0.9342740983606558,0.8849413278688525,,,0.0,<PROJECT_ROOT>/logs/protocol_v3_image_baselines/nnunet/medclipseg_clinicdb/seed789/controls/true/per_case.csv
nnU-Net,image-only,medclipseg_busbra,123,282,282,0,0.899039035460993,0.899039035460993,0.8297806702127659,,,0.0,<PROJECT_ROOT>/logs/protocol_v3_image_baselines/nnunet/medclipseg_busbra/seed123/controls/true/per_case.csv
nnU-Net,image-only,medclipseg_busbra,456,282,282,0,0.9018529078014185,0.9018529078014185,0.8333499078014185,,,0.0,<PROJECT_ROOT>/logs/protocol_v3_image_baselines/nnunet/medclipseg_busbra/seed456/controls/true/per_case.csv
nnU-Net,image-only,medclipseg_busbra,789,282,282,0,0.8931995106382978,0.8931995106382978,0.8238108865248227,,,0.0,<PROJECT_ROOT>/logs/protocol_v3_image_baselines/nnunet/medclipseg_busbra/seed789/controls/true/per_case.csv
nnU-Net,image-only,medclipseg_brisc,123,892,753,139,0.8690450515695067,0.8475274714475431,0.7757608247011952,0.9856115107913669,0.014388489208633115,0.0199203187250996,<PROJECT_ROOT>/logs/protocol_v3_image_baselines/nnunet/medclipseg_brisc/seed123/controls/true/per_case.csv
nnU-Net,image-only,medclipseg_brisc,456,892,753,139,0.8759323060538117,0.8543580571049136,0.7843691513944223,0.9928057553956835,0.007194244604316502,0.01593625498007968,<PROJECT_ROOT>/logs/protocol_v3_image_baselines/nnunet/medclipseg_brisc/seed456/controls/true/per_case.csv
nnU-Net,image-only,medclipseg_brisc,789,892,753,139,0.8738732813901345,0.8505909256308101,0.7797072815405046,1.0,0.0,0.013280212483399735,<PROJECT_ROOT>/logs/protocol_v3_image_baselines/nnunet/medclipseg_brisc/seed789/controls/true/per_case.csv
nnU-Net,image-only,medclipseg_covid19,123,2113,2113,0,0.7891044169427355,0.7891044169427355,0.6938714926644581,,,0.005679129200189304,<PROJECT_ROOT>/logs/protocol_v3_image_baselines/nnunet/medclipseg_covid19/seed123/controls/true/per_case.csv
nnU-Net,image-only,medclipseg_covid19,456,2113,2113,0,0.791144267865594,0.791144267865594,0.6981206180785613,,,0.00709891150023663,<PROJECT_ROOT>/logs/protocol_v3_image_baselines/nnunet/medclipseg_covid19/seed456/controls/true/per_case.csv
nnU-Net,image-only,medclipseg_covid19,789,2113,2113,0,0.7917084770468528,0.7917084770468528,0.6980214514907714,,,0.008518693800283956,<PROJECT_ROOT>/logs/protocol_v3_image_baselines/nnunet/medclipseg_covid19/seed789/controls/true/per_case.csv
nnU-Net,image-only,busi_hf,123,102,102,0,0.8580151862745098,0.8580151862745098,0.7768727549019608,,,0.0,<PROJECT_ROOT>/logs/protocol_v3_image_baselines/nnunet/busi_hf/seed123/controls/true/per_case.csv
nnU-Net,image-only,busi_hf,456,102,102,0,0.8429936176470588,0.8429936176470588,0.7645337156862745,,,0.00980392156862745,<PROJECT_ROOT>/logs/protocol_v3_image_baselines/nnunet/busi_hf/seed456/controls/true/per_case.csv
nnU-Net,image-only,busi_hf,789,102,102,0,0.8536570686274509,0.8536570686274509,0.7769210392156862,,,0.0,<PROJECT_ROOT>/logs/protocol_v3_image_baselines/nnunet/busi_hf/seed789/controls/true/per_case.csv
U-Mamba,image-only,medclipseg_busi,123,78,65,13,0.7573926282051282,0.7857942307692307,0.7112297538461538,0.6153846153846154,0.3846153846153846,0.0,<PROJECT_ROOT>/logs/protocol_v3_image_baselines/umamba/medclipseg_busi/seed123/controls/true/per_case.csv
U-Mamba,image-only,medclipseg_busi,456,78,65,13,0.7686723333333333,0.7993298769230769,0.7221764923076923,0.6153846153846154,0.3846153846153846,0.015384615384615385,<PROJECT_ROOT>/logs/protocol_v3_image_baselines/umamba/medclipseg_busi/seed456/controls/true/per_case.csv
U-Mamba,image-only,medclipseg_busi,789,78,65,13,0.7729063076923077,0.8044106461538462,0.7230938307692307,0.6153846153846154,0.3846153846153846,0.0,<PROJECT_ROOT>/logs/protocol_v3_image_baselines/umamba/medclipseg_busi/seed789/controls/true/per_case.csv
U-Mamba,image-only,medclipseg_clinicdb,123,61,61,0,0.9238829344262295,0.9238829344262295,0.8747358360655738,,,0.0,<PROJECT_ROOT>/logs/protocol_v3_image_baselines/umamba/medclipseg_clinicdb/seed123/controls/true/per_case.csv
U-Mamba,image-only,medclipseg_clinicdb,456,61,61,0,0.9208855409836065,0.9208855409836065,0.8681741639344263,,,0.0,<PROJECT_ROOT>/logs/protocol_v3_image_baselines/umamba/medclipseg_clinicdb/seed456/controls/true/per_case.csv
U-Mamba,image-only,medclipseg_clinicdb,789,61,61,0,0.9214889672131148,0.9214889672131148,0.8707726393442623,,,0.0,<PROJECT_ROOT>/logs/protocol_v3_image_baselines/umamba/medclipseg_clinicdb/seed789/controls/true/per_case.csv
U-Mamba,image-only,medclipseg_busbra,123,282,282,0,0.8985837163120567,0.8985837163120567,0.8311460673758865,,,0.0,<PROJECT_ROOT>/logs/protocol_v3_image_baselines/umamba/medclipseg_busbra/seed123/controls/true/per_case.csv
U-Mamba,image-only,medclipseg_busbra,456,282,282,0,0.9077234078014185,0.9077234078014185,0.840623304964539,,,0.0,<PROJECT_ROOT>/logs/protocol_v3_image_baselines/umamba/medclipseg_busbra/seed456/controls/true/per_case.csv
U-Mamba,image-only,medclipseg_busbra,789,282,282,0,0.9039061843971631,0.9039061843971631,0.8355599113475177,,,0.0,<PROJECT_ROOT>/logs/protocol_v3_image_baselines/umamba/medclipseg_busbra/seed789/controls/true/per_case.csv
U-Mamba,image-only,medclipseg_brisc,123,892,753,139,0.8584952096412556,0.833702160690571,0.7614620544488712,0.9928057553956835,0.007194244604316502,0.01859229747675963,<PROJECT_ROOT>/logs/protocol_v3_image_baselines/umamba/medclipseg_brisc/seed123/controls/true/per_case.csv
U-Mamba,image-only,medclipseg_brisc,456,892,753,139,0.847266701793722,0.8204009269588314,0.7459756892430279,0.9928057553956835,0.007194244604316502,0.025232403718459494,<PROJECT_ROOT>/logs/protocol_v3_image_baselines/umamba/medclipseg_brisc/seed456/controls/true/per_case.csv
U-Mamba,image-only,medclipseg_brisc,789,892,753,139,0.8553699843049327,0.8286720132802124,0.7547699216467464,1.0,0.0,0.025232403718459494,<PROJECT_ROOT>/logs/protocol_v3_image_baselines/umamba/medclipseg_brisc/seed789/controls/true/per_case.csv
U-Mamba,image-only,medclipseg_covid19,123,2113,2113,0,0.7905353028868907,0.7905353028868907,0.6958334107903454,,,0.005205868433506862,<PROJECT_ROOT>/logs/protocol_v3_image_baselines/umamba/medclipseg_covid19/seed123/controls/true/per_case.csv
U-Mamba,image-only,medclipseg_covid19,456,2113,2113,0,0.7877435504022716,0.7877435504022716,0.6931891713203976,,,0.005205868433506862,<PROJECT_ROOT>/logs/protocol_v3_image_baselines/umamba/medclipseg_covid19/seed456/controls/true/per_case.csv
U-Mamba,image-only,medclipseg_covid19,789,2113,2113,0,0.7939914467581638,0.7939914467581638,0.7014758400378609,,,0.008045433033601515,<PROJECT_ROOT>/logs/protocol_v3_image_baselines/umamba/medclipseg_covid19/seed789/controls/true/per_case.csv
U-Mamba,image-only,busi_hf,123,102,102,0,0.8566315294117647,0.8566315294117647,0.7749430980392157,,,0.0,<PROJECT_ROOT>/logs/protocol_v3_image_baselines/umamba/busi_hf/seed123/controls/true/per_case.csv
U-Mamba,image-only,busi_hf,456,102,102,0,0.8558172941176471,0.8558172941176471,0.7771072549019608,,,0.0,<PROJECT_ROOT>/logs/protocol_v3_image_baselines/umamba/busi_hf/seed456/controls/true/per_case.csv
U-Mamba,image-only,busi_hf,789,102,102,0,0.8628299607843137,0.8628299607843137,0.7847364019607843,,,0.0,<PROJECT_ROOT>/logs/protocol_v3_image_baselines/umamba/busi_hf/seed789/controls/true/per_case.csv
U-KAN,image-only,medclipseg_busi,123,78,65,13,0.8093380769230769,0.8019749230769231,0.7218913846153846,0.8461538461538461,0.15384615384615385,0.0,<PROJECT_ROOT>/logs/protocol_v3_image_baselines/ukan/medclipseg_busi/seed123/controls/true/per_case.csv
U-KAN,image-only,medclipseg_busi,456,78,65,13,0.7499919743589744,0.7922980615384615,0.7105459538461538,0.5384615384615384,0.46153846153846156,0.0,<PROJECT_ROOT>/logs/protocol_v3_image_baselines/ukan/medclipseg_busi/seed456/controls/true/per_case.csv
U-KAN,image-only,medclipseg_busi,789,78,65,13,0.7535613461538462,0.7965813076923077,0.7164537538461538,0.5384615384615384,0.46153846153846156,0.0,<PROJECT_ROOT>/logs/protocol_v3_image_baselines/ukan/medclipseg_busi/seed789/controls/true/per_case.csv
U-KAN,image-only,medclipseg_clinicdb,123,61,61,0,0.9170947049180328,0.9170947049180328,0.8557362622950819,,,0.0,<PROJECT_ROOT>/logs/protocol_v3_image_baselines/ukan/medclipseg_clinicdb/seed123/controls/true/per_case.csv
U-KAN,image-only,medclipseg_clinicdb,456,61,61,0,0.9103446393442622,0.9103446393442622,0.8493942295081968,,,0.0,<PROJECT_ROOT>/logs/protocol_v3_image_baselines/ukan/medclipseg_clinicdb/seed456/controls/true/per_case.csv
U-KAN,image-only,medclipseg_clinicdb,789,61,61,0,0.9144349180327869,0.9144349180327869,0.8541710983606557,,,0.0,<PROJECT_ROOT>/logs/protocol_v3_image_baselines/ukan/medclipseg_clinicdb/seed789/controls/true/per_case.csv
U-KAN,image-only,medclipseg_busbra,123,282,282,0,0.8843543971631206,0.8843543971631206,0.811069890070922,,,0.0,<PROJECT_ROOT>/logs/protocol_v3_image_baselines/ukan/medclipseg_busbra/seed123/controls/true/per_case.csv
U-KAN,image-only,medclipseg_busbra,456,282,282,0,0.8787840390070922,0.8787840390070922,0.8042069858156028,,,0.0,<PROJECT_ROOT>/logs/protocol_v3_image_baselines/ukan/medclipseg_busbra/seed456/controls/true/per_case.csv
U-KAN,image-only,medclipseg_busbra,789,282,282,0,0.8935893617021277,0.8935893617021277,0.8203798014184397,,,0.0,<PROJECT_ROOT>/logs/protocol_v3_image_baselines/ukan/medclipseg_busbra/seed789/controls/true/per_case.csv
U-KAN,image-only,medclipseg_brisc,123,892,753,139,0.8508746244394619,0.8299869389110226,0.7451389535192563,0.9640287769784173,0.03597122302158273,0.01593625498007968,<PROJECT_ROOT>/logs/protocol_v3_image_baselines/ukan/medclipseg_brisc/seed123/controls/true/per_case.csv
U-KAN,image-only,medclipseg_brisc,456,892,753,139,0.8561747735426009,0.8336094262948207,0.7503758924302789,0.9784172661870504,0.021582733812949617,0.01593625498007968,<PROJECT_ROOT>/logs/protocol_v3_image_baselines/ukan/medclipseg_brisc/seed456/controls/true/per_case.csv
U-KAN,image-only,medclipseg_brisc,789,892,753,139,0.8565764428251121,0.8327572204515272,0.7474843187250996,0.9856115107913669,0.014388489208633115,0.010624169986719787,<PROJECT_ROOT>/logs/protocol_v3_image_baselines/ukan/medclipseg_brisc/seed789/controls/true/per_case.csv
U-KAN,image-only,medclipseg_covid19,123,2113,2113,0,0.7927617553241836,0.7927617553241836,0.6963811069569332,,,0.001893043066729768,<PROJECT_ROOT>/logs/protocol_v3_image_baselines/ukan/medclipseg_covid19/seed123/controls/true/per_case.csv
U-KAN,image-only,medclipseg_covid19,456,2113,2113,0,0.7962402214860388,0.7962402214860388,0.7023084637955513,,,0.005205868433506862,<PROJECT_ROOT>/logs/protocol_v3_image_baselines/ukan/medclipseg_covid19/seed456/controls/true/per_case.csv
U-KAN,image-only,medclipseg_covid19,789,2113,2113,0,0.7924470250828206,0.7924470250828206,0.6986285499290109,,,0.004259346900141978,<PROJECT_ROOT>/logs/protocol_v3_image_baselines/ukan/medclipseg_covid19/seed789/controls/true/per_case.csv
U-KAN,image-only,busi_hf,123,102,102,0,0.8498714901960784,0.8498714901960784,0.7672687352941177,,,0.0,<PROJECT_ROOT>/logs/protocol_v3_image_baselines/ukan/busi_hf/seed123/controls/true/per_case.csv
U-KAN,image-only,busi_hf,456,102,102,0,0.8471673137254901,0.8471673137254901,0.7649010392156863,,,0.0,<PROJECT_ROOT>/logs/protocol_v3_image_baselines/ukan/busi_hf/seed456/controls/true/per_case.csv
U-KAN,image-only,busi_hf,789,102,102,0,0.8587182745098039,0.8587182745098039,0.7787642549019608,,,0.0,<PROJECT_ROOT>/logs/protocol_v3_image_baselines/ukan/busi_hf/seed789/controls/true/per_case.csv
