run_id,method,biomedclip,atconv,equiprompt,dataset,seed,dice,iou,source
V3_ABL_BASE,Base model,No,No,No,BUSI,123,0.843359,0.778783,<PROJECT_ROOT>/logs/protocol_v3/abb8ccb2d46cf039a4a0c573d733e3bc510636e6dfa7e59032508ab96fc0f718/V3_ABL_BASE/medclipseg_busi/seed123/controls/true/summary.csv
V3_ABL_BASE,Base model,No,No,No,BUSI,456,0.85387,0.786527,<PROJECT_ROOT>/logs/protocol_v3/abb8ccb2d46cf039a4a0c573d733e3bc510636e6dfa7e59032508ab96fc0f718/V3_ABL_BASE/medclipseg_busi/seed456/controls/true/summary.csv
V3_ABL_BASE,Base model,No,No,No,BUSI,789,0.837641,0.770537,<PROJECT_ROOT>/logs/protocol_v3/abb8ccb2d46cf039a4a0c573d733e3bc510636e6dfa7e59032508ab96fc0f718/V3_ABL_BASE/medclipseg_busi/seed789/controls/true/summary.csv
V3_ABL_BASE,Base model,No,No,No,ClinicDB,123,0.890447,0.831576,<PROJECT_ROOT>/logs/protocol_v3/abb8ccb2d46cf039a4a0c573d733e3bc510636e6dfa7e59032508ab96fc0f718/V3_ABL_BASE/medclipseg_clinicdb/seed123/controls/true/summary.csv
V3_ABL_BASE,Base model,No,No,No,ClinicDB,456,0.90841,0.848938,<PROJECT_ROOT>/logs/protocol_v3/abb8ccb2d46cf039a4a0c573d733e3bc510636e6dfa7e59032508ab96fc0f718/V3_ABL_BASE/medclipseg_clinicdb/seed456/controls/true/summary.csv
V3_ABL_BASE,Base model,No,No,No,ClinicDB,789,0.905614,0.845193,<PROJECT_ROOT>/logs/protocol_v3/abb8ccb2d46cf039a4a0c573d733e3bc510636e6dfa7e59032508ab96fc0f718/V3_ABL_BASE/medclipseg_clinicdb/seed789/controls/true/summary.csv
V3_ABL_BASE,Base model,No,No,No,BUS-BRA,123,0.891207,0.81653,<PROJECT_ROOT>/logs/protocol_v3/abb8ccb2d46cf039a4a0c573d733e3bc510636e6dfa7e59032508ab96fc0f718/V3_ABL_BASE/medclipseg_busbra/seed123/controls/true/summary.csv
V3_ABL_BASE,Base model,No,No,No,BUS-BRA,456,0.894015,0.820701,<PROJECT_ROOT>/logs/protocol_v3/abb8ccb2d46cf039a4a0c573d733e3bc510636e6dfa7e59032508ab96fc0f718/V3_ABL_BASE/medclipseg_busbra/seed456/controls/true/summary.csv
V3_ABL_BASE,Base model,No,No,No,BUS-BRA,789,0.892532,0.817589,<PROJECT_ROOT>/logs/protocol_v3/abb8ccb2d46cf039a4a0c573d733e3bc510636e6dfa7e59032508ab96fc0f718/V3_ABL_BASE/medclipseg_busbra/seed789/controls/true/summary.csv
V3_ABL_BASE,Base model,No,No,No,BRISC,123,0.863338,0.793915,<PROJECT_ROOT>/logs/protocol_v3/abb8ccb2d46cf039a4a0c573d733e3bc510636e6dfa7e59032508ab96fc0f718/V3_ABL_BASE/medclipseg_brisc/seed123/controls/true/summary.csv
V3_ABL_BASE,Base model,No,No,No,BRISC,456,0.866579,0.796693,<PROJECT_ROOT>/logs/protocol_v3/abb8ccb2d46cf039a4a0c573d733e3bc510636e6dfa7e59032508ab96fc0f718/V3_ABL_BASE/medclipseg_brisc/seed456/controls/true/summary.csv
V3_ABL_BASE,Base model,No,No,No,BRISC,789,0.865571,0.795015,<PROJECT_ROOT>/logs/protocol_v3/abb8ccb2d46cf039a4a0c573d733e3bc510636e6dfa7e59032508ab96fc0f718/V3_ABL_BASE/medclipseg_brisc/seed789/controls/true/summary.csv
V3_ABL_BASE,Base model,No,No,No,COVID-19,123,0.815733,0.725844,<PROJECT_ROOT>/logs/protocol_v3/abb8ccb2d46cf039a4a0c573d733e3bc510636e6dfa7e59032508ab96fc0f718/V3_ABL_BASE/medclipseg_covid19/seed123/controls/true/summary.csv
V3_ABL_BASE,Base model,No,No,No,COVID-19,456,0.816428,0.726853,<PROJECT_ROOT>/logs/protocol_v3/abb8ccb2d46cf039a4a0c573d733e3bc510636e6dfa7e59032508ab96fc0f718/V3_ABL_BASE/medclipseg_covid19/seed456/controls/true/summary.csv
V3_ABL_BASE,Base model,No,No,No,COVID-19,789,0.817253,0.728654,<PROJECT_ROOT>/logs/protocol_v3/abb8ccb2d46cf039a4a0c573d733e3bc510636e6dfa7e59032508ab96fc0f718/V3_ABL_BASE/medclipseg_covid19/seed789/controls/true/summary.csv
V3_ABL_BIOMED,Base + BioMedCLIP,Yes,No,No,BUSI,123,0.832458,0.763542,<PROJECT_ROOT>/logs/protocol_v3/abb8ccb2d46cf039a4a0c573d733e3bc510636e6dfa7e59032508ab96fc0f718/V3_ABL_BIOMED/medclipseg_busi/seed123/controls/true/summary.csv
V3_ABL_BIOMED,Base + BioMedCLIP,Yes,No,No,BUSI,456,0.838841,0.770119,<PROJECT_ROOT>/logs/protocol_v3/abb8ccb2d46cf039a4a0c573d733e3bc510636e6dfa7e59032508ab96fc0f718/V3_ABL_BIOMED/medclipseg_busi/seed456/controls/true/summary.csv
V3_ABL_BIOMED,Base + BioMedCLIP,Yes,No,No,BUSI,789,0.84162,0.775252,<PROJECT_ROOT>/logs/protocol_v3/abb8ccb2d46cf039a4a0c573d733e3bc510636e6dfa7e59032508ab96fc0f718/V3_ABL_BIOMED/medclipseg_busi/seed789/controls/true/summary.csv
V3_ABL_BIOMED,Base + BioMedCLIP,Yes,No,No,ClinicDB,123,0.914339,0.858648,<PROJECT_ROOT>/logs/protocol_v3/abb8ccb2d46cf039a4a0c573d733e3bc510636e6dfa7e59032508ab96fc0f718/V3_ABL_BIOMED/medclipseg_clinicdb/seed123/controls/true/summary.csv
V3_ABL_BIOMED,Base + BioMedCLIP,Yes,No,No,ClinicDB,456,0.905787,0.848352,<PROJECT_ROOT>/logs/protocol_v3/abb8ccb2d46cf039a4a0c573d733e3bc510636e6dfa7e59032508ab96fc0f718/V3_ABL_BIOMED/medclipseg_clinicdb/seed456/controls/true/summary.csv
V3_ABL_BIOMED,Base + BioMedCLIP,Yes,No,No,ClinicDB,789,0.893912,0.839527,<PROJECT_ROOT>/logs/protocol_v3/abb8ccb2d46cf039a4a0c573d733e3bc510636e6dfa7e59032508ab96fc0f718/V3_ABL_BIOMED/medclipseg_clinicdb/seed789/controls/true/summary.csv
V3_ABL_BIOMED,Base + BioMedCLIP,Yes,No,No,BUS-BRA,123,0.891878,0.817594,<PROJECT_ROOT>/logs/protocol_v3/abb8ccb2d46cf039a4a0c573d733e3bc510636e6dfa7e59032508ab96fc0f718/V3_ABL_BIOMED/medclipseg_busbra/seed123/controls/true/summary.csv
V3_ABL_BIOMED,Base + BioMedCLIP,Yes,No,No,BUS-BRA,456,0.88996,0.814194,<PROJECT_ROOT>/logs/protocol_v3/abb8ccb2d46cf039a4a0c573d733e3bc510636e6dfa7e59032508ab96fc0f718/V3_ABL_BIOMED/medclipseg_busbra/seed456/controls/true/summary.csv
V3_ABL_BIOMED,Base + BioMedCLIP,Yes,No,No,BUS-BRA,789,0.893367,0.818287,<PROJECT_ROOT>/logs/protocol_v3/abb8ccb2d46cf039a4a0c573d733e3bc510636e6dfa7e59032508ab96fc0f718/V3_ABL_BIOMED/medclipseg_busbra/seed789/controls/true/summary.csv
V3_ABL_BIOMED,Base + BioMedCLIP,Yes,No,No,BRISC,123,0.865912,0.795757,<PROJECT_ROOT>/logs/protocol_v3/abb8ccb2d46cf039a4a0c573d733e3bc510636e6dfa7e59032508ab96fc0f718/V3_ABL_BIOMED/medclipseg_brisc/seed123/controls/true/summary.csv
V3_ABL_BIOMED,Base + BioMedCLIP,Yes,No,No,BRISC,456,0.8651,0.795735,<PROJECT_ROOT>/logs/protocol_v3/abb8ccb2d46cf039a4a0c573d733e3bc510636e6dfa7e59032508ab96fc0f718/V3_ABL_BIOMED/medclipseg_brisc/seed456/controls/true/summary.csv
V3_ABL_BIOMED,Base + BioMedCLIP,Yes,No,No,BRISC,789,0.866271,0.79647,<PROJECT_ROOT>/logs/protocol_v3/abb8ccb2d46cf039a4a0c573d733e3bc510636e6dfa7e59032508ab96fc0f718/V3_ABL_BIOMED/medclipseg_brisc/seed789/controls/true/summary.csv
V3_ABL_BIOMED,Base + BioMedCLIP,Yes,No,No,COVID-19,123,0.832709,0.743849,<PROJECT_ROOT>/logs/protocol_v3/abb8ccb2d46cf039a4a0c573d733e3bc510636e6dfa7e59032508ab96fc0f718/V3_ABL_BIOMED/medclipseg_covid19/seed123/controls/true/summary.csv
V3_ABL_BIOMED,Base + BioMedCLIP,Yes,No,No,COVID-19,456,0.833709,0.74553,<PROJECT_ROOT>/logs/protocol_v3/abb8ccb2d46cf039a4a0c573d733e3bc510636e6dfa7e59032508ab96fc0f718/V3_ABL_BIOMED/medclipseg_covid19/seed456/controls/true/summary.csv
V3_ABL_BIOMED,Base + BioMedCLIP,Yes,No,No,COVID-19,789,0.833967,0.745425,<PROJECT_ROOT>/logs/protocol_v3/abb8ccb2d46cf039a4a0c573d733e3bc510636e6dfa7e59032508ab96fc0f718/V3_ABL_BIOMED/medclipseg_covid19/seed789/controls/true/summary.csv
V3_ABL_ATCONV,Base + ATConv,No,Yes,No,BUSI,123,0.852993,0.783519,<PROJECT_ROOT>/logs/protocol_v3/abb8ccb2d46cf039a4a0c573d733e3bc510636e6dfa7e59032508ab96fc0f718/V3_ABL_ATCONV/medclipseg_busi/seed123/controls/true/summary.csv
V3_ABL_ATCONV,Base + ATConv,No,Yes,No,BUSI,456,0.845523,0.780575,<PROJECT_ROOT>/logs/protocol_v3/abb8ccb2d46cf039a4a0c573d733e3bc510636e6dfa7e59032508ab96fc0f718/V3_ABL_ATCONV/medclipseg_busi/seed456/controls/true/summary.csv
V3_ABL_ATCONV,Base + ATConv,No,Yes,No,BUSI,789,0.844168,0.778256,<PROJECT_ROOT>/logs/protocol_v3/abb8ccb2d46cf039a4a0c573d733e3bc510636e6dfa7e59032508ab96fc0f718/V3_ABL_ATCONV/medclipseg_busi/seed789/controls/true/summary.csv
V3_ABL_ATCONV,Base + ATConv,No,Yes,No,ClinicDB,123,0.918612,0.85981,<PROJECT_ROOT>/logs/protocol_v3/abb8ccb2d46cf039a4a0c573d733e3bc510636e6dfa7e59032508ab96fc0f718/V3_ABL_ATCONV/medclipseg_clinicdb/seed123/controls/true/summary.csv
V3_ABL_ATCONV,Base + ATConv,No,Yes,No,ClinicDB,456,0.908459,0.850209,<PROJECT_ROOT>/logs/protocol_v3/abb8ccb2d46cf039a4a0c573d733e3bc510636e6dfa7e59032508ab96fc0f718/V3_ABL_ATCONV/medclipseg_clinicdb/seed456/controls/true/summary.csv
V3_ABL_ATCONV,Base + ATConv,No,Yes,No,ClinicDB,789,0.898897,0.836483,<PROJECT_ROOT>/logs/protocol_v3/abb8ccb2d46cf039a4a0c573d733e3bc510636e6dfa7e59032508ab96fc0f718/V3_ABL_ATCONV/medclipseg_clinicdb/seed789/controls/true/summary.csv
V3_ABL_ATCONV,Base + ATConv,No,Yes,No,BUS-BRA,123,0.894383,0.821232,<PROJECT_ROOT>/logs/protocol_v3/abb8ccb2d46cf039a4a0c573d733e3bc510636e6dfa7e59032508ab96fc0f718/V3_ABL_ATCONV/medclipseg_busbra/seed123/controls/true/summary.csv
V3_ABL_ATCONV,Base + ATConv,No,Yes,No,BUS-BRA,456,0.887024,0.811717,<PROJECT_ROOT>/logs/protocol_v3/abb8ccb2d46cf039a4a0c573d733e3bc510636e6dfa7e59032508ab96fc0f718/V3_ABL_ATCONV/medclipseg_busbra/seed456/controls/true/summary.csv
V3_ABL_ATCONV,Base + ATConv,No,Yes,No,BUS-BRA,789,0.894374,0.820498,<PROJECT_ROOT>/logs/protocol_v3/abb8ccb2d46cf039a4a0c573d733e3bc510636e6dfa7e59032508ab96fc0f718/V3_ABL_ATCONV/medclipseg_busbra/seed789/controls/true/summary.csv
V3_ABL_ATCONV,Base + ATConv,No,Yes,No,BRISC,123,0.864498,0.794412,<PROJECT_ROOT>/logs/protocol_v3/abb8ccb2d46cf039a4a0c573d733e3bc510636e6dfa7e59032508ab96fc0f718/V3_ABL_ATCONV/medclipseg_brisc/seed123/controls/true/summary.csv
V3_ABL_ATCONV,Base + ATConv,No,Yes,No,BRISC,456,0.862363,0.791574,<PROJECT_ROOT>/logs/protocol_v3/abb8ccb2d46cf039a4a0c573d733e3bc510636e6dfa7e59032508ab96fc0f718/V3_ABL_ATCONV/medclipseg_brisc/seed456/controls/true/summary.csv
V3_ABL_ATCONV,Base + ATConv,No,Yes,No,BRISC,789,0.863253,0.79334,<PROJECT_ROOT>/logs/protocol_v3/abb8ccb2d46cf039a4a0c573d733e3bc510636e6dfa7e59032508ab96fc0f718/V3_ABL_ATCONV/medclipseg_brisc/seed789/controls/true/summary.csv
V3_ABL_ATCONV,Base + ATConv,No,Yes,No,COVID-19,123,0.819509,0.729664,<PROJECT_ROOT>/logs/protocol_v3/abb8ccb2d46cf039a4a0c573d733e3bc510636e6dfa7e59032508ab96fc0f718/V3_ABL_ATCONV/medclipseg_covid19/seed123/controls/true/summary.csv
V3_ABL_ATCONV,Base + ATConv,No,Yes,No,COVID-19,456,0.819077,0.73018,<PROJECT_ROOT>/logs/protocol_v3/abb8ccb2d46cf039a4a0c573d733e3bc510636e6dfa7e59032508ab96fc0f718/V3_ABL_ATCONV/medclipseg_covid19/seed456/controls/true/summary.csv
V3_ABL_ATCONV,Base + ATConv,No,Yes,No,COVID-19,789,0.821977,0.731848,<PROJECT_ROOT>/logs/protocol_v3/abb8ccb2d46cf039a4a0c573d733e3bc510636e6dfa7e59032508ab96fc0f718/V3_ABL_ATCONV/medclipseg_covid19/seed789/controls/true/summary.csv
V3_ABL_BIOMED_ATCONV,Base + BioMedCLIP + ATConv,Yes,Yes,No,BUSI,123,0.84924,0.783546,<PROJECT_ROOT>/logs/protocol_v3/abb8ccb2d46cf039a4a0c573d733e3bc510636e6dfa7e59032508ab96fc0f718/V3_ABL_BIOMED_ATCONV/medclipseg_busi/seed123/controls/true/summary.csv
V3_ABL_BIOMED_ATCONV,Base + BioMedCLIP + ATConv,Yes,Yes,No,BUSI,456,0.843848,0.774963,<PROJECT_ROOT>/logs/protocol_v3/abb8ccb2d46cf039a4a0c573d733e3bc510636e6dfa7e59032508ab96fc0f718/V3_ABL_BIOMED_ATCONV/medclipseg_busi/seed456/controls/true/summary.csv
V3_ABL_BIOMED_ATCONV,Base + BioMedCLIP + ATConv,Yes,Yes,No,BUSI,789,0.853067,0.783895,<PROJECT_ROOT>/logs/protocol_v3/abb8ccb2d46cf039a4a0c573d733e3bc510636e6dfa7e59032508ab96fc0f718/V3_ABL_BIOMED_ATCONV/medclipseg_busi/seed789/controls/true/summary.csv
V3_ABL_BIOMED_ATCONV,Base + BioMedCLIP + ATConv,Yes,Yes,No,ClinicDB,123,0.920252,0.861927,<PROJECT_ROOT>/logs/protocol_v3/abb8ccb2d46cf039a4a0c573d733e3bc510636e6dfa7e59032508ab96fc0f718/V3_ABL_BIOMED_ATCONV/medclipseg_clinicdb/seed123/controls/true/summary.csv
V3_ABL_BIOMED_ATCONV,Base + BioMedCLIP + ATConv,Yes,Yes,No,ClinicDB,456,0.911509,0.854139,<PROJECT_ROOT>/logs/protocol_v3/abb8ccb2d46cf039a4a0c573d733e3bc510636e6dfa7e59032508ab96fc0f718/V3_ABL_BIOMED_ATCONV/medclipseg_clinicdb/seed456/controls/true/summary.csv
V3_ABL_BIOMED_ATCONV,Base + BioMedCLIP + ATConv,Yes,Yes,No,ClinicDB,789,0.913081,0.851026,<PROJECT_ROOT>/logs/protocol_v3/abb8ccb2d46cf039a4a0c573d733e3bc510636e6dfa7e59032508ab96fc0f718/V3_ABL_BIOMED_ATCONV/medclipseg_clinicdb/seed789/controls/true/summary.csv
V3_ABL_BIOMED_ATCONV,Base + BioMedCLIP + ATConv,Yes,Yes,No,BUS-BRA,123,0.889752,0.817593,<PROJECT_ROOT>/logs/protocol_v3/abb8ccb2d46cf039a4a0c573d733e3bc510636e6dfa7e59032508ab96fc0f718/V3_ABL_BIOMED_ATCONV/medclipseg_busbra/seed123/controls/true/summary.csv
V3_ABL_BIOMED_ATCONV,Base + BioMedCLIP + ATConv,Yes,Yes,No,BUS-BRA,456,0.893344,0.819925,<PROJECT_ROOT>/logs/protocol_v3/abb8ccb2d46cf039a4a0c573d733e3bc510636e6dfa7e59032508ab96fc0f718/V3_ABL_BIOMED_ATCONV/medclipseg_busbra/seed456/controls/true/summary.csv
V3_ABL_BIOMED_ATCONV,Base + BioMedCLIP + ATConv,Yes,Yes,No,BUS-BRA,789,0.889409,0.8153,<PROJECT_ROOT>/logs/protocol_v3/abb8ccb2d46cf039a4a0c573d733e3bc510636e6dfa7e59032508ab96fc0f718/V3_ABL_BIOMED_ATCONV/medclipseg_busbra/seed789/controls/true/summary.csv
V3_ABL_BIOMED_ATCONV,Base + BioMedCLIP + ATConv,Yes,Yes,No,BRISC,123,0.866421,0.796076,<PROJECT_ROOT>/logs/protocol_v3/abb8ccb2d46cf039a4a0c573d733e3bc510636e6dfa7e59032508ab96fc0f718/V3_ABL_BIOMED_ATCONV/medclipseg_brisc/seed123/controls/true/summary.csv
V3_ABL_BIOMED_ATCONV,Base + BioMedCLIP + ATConv,Yes,Yes,No,BRISC,456,0.863846,0.793719,<PROJECT_ROOT>/logs/protocol_v3/abb8ccb2d46cf039a4a0c573d733e3bc510636e6dfa7e59032508ab96fc0f718/V3_ABL_BIOMED_ATCONV/medclipseg_brisc/seed456/controls/true/summary.csv
V3_ABL_BIOMED_ATCONV,Base + BioMedCLIP + ATConv,Yes,Yes,No,BRISC,789,0.861478,0.792466,<PROJECT_ROOT>/logs/protocol_v3/abb8ccb2d46cf039a4a0c573d733e3bc510636e6dfa7e59032508ab96fc0f718/V3_ABL_BIOMED_ATCONV/medclipseg_brisc/seed789/controls/true/summary.csv
V3_ABL_BIOMED_ATCONV,Base + BioMedCLIP + ATConv,Yes,Yes,No,COVID-19,123,0.834294,0.746281,<PROJECT_ROOT>/logs/protocol_v3/abb8ccb2d46cf039a4a0c573d733e3bc510636e6dfa7e59032508ab96fc0f718/V3_ABL_BIOMED_ATCONV/medclipseg_covid19/seed123/controls/true/summary.csv
V3_ABL_BIOMED_ATCONV,Base + BioMedCLIP + ATConv,Yes,Yes,No,COVID-19,456,0.832493,0.743773,<PROJECT_ROOT>/logs/protocol_v3/abb8ccb2d46cf039a4a0c573d733e3bc510636e6dfa7e59032508ab96fc0f718/V3_ABL_BIOMED_ATCONV/medclipseg_covid19/seed456/controls/true/summary.csv
V3_ABL_BIOMED_ATCONV,Base + BioMedCLIP + ATConv,Yes,Yes,No,COVID-19,789,0.832748,0.742631,<PROJECT_ROOT>/logs/protocol_v3/abb8ccb2d46cf039a4a0c573d733e3bc510636e6dfa7e59032508ab96fc0f718/V3_ABL_BIOMED_ATCONV/medclipseg_covid19/seed789/controls/true/summary.csv
V3_ABL_EQUIPROMPT,MedEquiSeg,Yes,Yes,Yes,BUSI,123,0.858989,0.793791,<PROJECT_ROOT>/logs/protocol_v3/abb8ccb2d46cf039a4a0c573d733e3bc510636e6dfa7e59032508ab96fc0f718/V3_ABL_EQUIPROMPT/medclipseg_busi/seed123/controls/true/summary.csv
V3_ABL_EQUIPROMPT,MedEquiSeg,Yes,Yes,Yes,BUSI,456,0.852795,0.793334,<PROJECT_ROOT>/logs/protocol_v3/abb8ccb2d46cf039a4a0c573d733e3bc510636e6dfa7e59032508ab96fc0f718/V3_ABL_EQUIPROMPT/medclipseg_busi/seed456/controls/true/summary.csv
V3_ABL_EQUIPROMPT,MedEquiSeg,Yes,Yes,Yes,BUSI,789,0.861649,0.797566,<PROJECT_ROOT>/logs/protocol_v3/abb8ccb2d46cf039a4a0c573d733e3bc510636e6dfa7e59032508ab96fc0f718/V3_ABL_EQUIPROMPT/medclipseg_busi/seed789/controls/true/summary.csv
V3_ABL_EQUIPROMPT,MedEquiSeg,Yes,Yes,Yes,ClinicDB,123,0.926265,0.869189,<PROJECT_ROOT>/logs/protocol_v3/abb8ccb2d46cf039a4a0c573d733e3bc510636e6dfa7e59032508ab96fc0f718/V3_ABL_EQUIPROMPT/medclipseg_clinicdb/seed123/controls/true/summary.csv
V3_ABL_EQUIPROMPT,MedEquiSeg,Yes,Yes,Yes,ClinicDB,456,0.923241,0.864536,<PROJECT_ROOT>/logs/protocol_v3/abb8ccb2d46cf039a4a0c573d733e3bc510636e6dfa7e59032508ab96fc0f718/V3_ABL_EQUIPROMPT/medclipseg_clinicdb/seed456/controls/true/summary.csv
V3_ABL_EQUIPROMPT,MedEquiSeg,Yes,Yes,Yes,ClinicDB,789,0.91265,0.857172,<PROJECT_ROOT>/logs/protocol_v3/abb8ccb2d46cf039a4a0c573d733e3bc510636e6dfa7e59032508ab96fc0f718/V3_ABL_EQUIPROMPT/medclipseg_clinicdb/seed789/controls/true/summary.csv
V3_ABL_EQUIPROMPT,MedEquiSeg,Yes,Yes,Yes,BUS-BRA,123,0.903845,0.832676,<PROJECT_ROOT>/logs/protocol_v3/abb8ccb2d46cf039a4a0c573d733e3bc510636e6dfa7e59032508ab96fc0f718/V3_ABL_EQUIPROMPT/medclipseg_busbra/seed123/controls/true/summary.csv
V3_ABL_EQUIPROMPT,MedEquiSeg,Yes,Yes,Yes,BUS-BRA,456,0.902292,0.830626,<PROJECT_ROOT>/logs/protocol_v3/abb8ccb2d46cf039a4a0c573d733e3bc510636e6dfa7e59032508ab96fc0f718/V3_ABL_EQUIPROMPT/medclipseg_busbra/seed456/controls/true/summary.csv
V3_ABL_EQUIPROMPT,MedEquiSeg,Yes,Yes,Yes,BUS-BRA,789,0.900976,0.831272,<PROJECT_ROOT>/logs/protocol_v3/abb8ccb2d46cf039a4a0c573d733e3bc510636e6dfa7e59032508ab96fc0f718/V3_ABL_EQUIPROMPT/medclipseg_busbra/seed789/controls/true/summary.csv
V3_ABL_EQUIPROMPT,MedEquiSeg,Yes,Yes,Yes,BRISC,123,0.873156,0.804628,<PROJECT_ROOT>/logs/protocol_v3/abb8ccb2d46cf039a4a0c573d733e3bc510636e6dfa7e59032508ab96fc0f718/V3_ABL_EQUIPROMPT/medclipseg_brisc/seed123/controls/true/summary.csv
V3_ABL_EQUIPROMPT,MedEquiSeg,Yes,Yes,Yes,BRISC,456,0.871975,0.802814,<PROJECT_ROOT>/logs/protocol_v3/abb8ccb2d46cf039a4a0c573d733e3bc510636e6dfa7e59032508ab96fc0f718/V3_ABL_EQUIPROMPT/medclipseg_brisc/seed456/controls/true/summary.csv
V3_ABL_EQUIPROMPT,MedEquiSeg,Yes,Yes,Yes,BRISC,789,0.870316,0.802049,<PROJECT_ROOT>/logs/protocol_v3/abb8ccb2d46cf039a4a0c573d733e3bc510636e6dfa7e59032508ab96fc0f718/V3_ABL_EQUIPROMPT/medclipseg_brisc/seed789/controls/true/summary.csv
V3_ABL_EQUIPROMPT,MedEquiSeg,Yes,Yes,Yes,COVID-19,123,0.840106,0.75449,<PROJECT_ROOT>/logs/protocol_v3/abb8ccb2d46cf039a4a0c573d733e3bc510636e6dfa7e59032508ab96fc0f718/V3_ABL_EQUIPROMPT/medclipseg_covid19/seed123/controls/true/summary.csv
V3_ABL_EQUIPROMPT,MedEquiSeg,Yes,Yes,Yes,COVID-19,456,0.842375,0.756638,<PROJECT_ROOT>/logs/protocol_v3/abb8ccb2d46cf039a4a0c573d733e3bc510636e6dfa7e59032508ab96fc0f718/V3_ABL_EQUIPROMPT/medclipseg_covid19/seed456/controls/true/summary.csv
V3_ABL_EQUIPROMPT,MedEquiSeg,Yes,Yes,Yes,COVID-19,789,0.840015,0.754139,<PROJECT_ROOT>/logs/protocol_v3/abb8ccb2d46cf039a4a0c573d733e3bc510636e6dfa7e59032508ab96fc0f718/V3_ABL_EQUIPROMPT/medclipseg_covid19/seed789/controls/true/summary.csv
