dataset,metric,control,n_cases,true_mean,true_std,control_mean,control_std,delta,ci_low,ci_high,wilcoxon_p,paired_t_p,wilcoxon_p_holm,paired_t_p_holm
BUSI,dice,shuffled,78,0.85781079,0.0045432963,0.46727926,0.014144344,0.39053153,0.29812089,0.48514659,9.8253558e-11,3.2721376e-12,2.9476067e-10,9.8164128e-12
BUSI,dice,fixed,78,0.85781079,0.0045432963,0.16686784,0.00022614687,0.69094295,0.60640194,0.76990656,3.5254981e-12,5.7716536e-27,7.0509961e-12,1.7314961e-26
BUSI,dice,empty,78,0.85781079,0.0045432963,0.13216815,0.05345758,0.72564264,0.64628607,0.79700617,2.4534677e-14,1.9246413e-42,4.9069354e-14,3.8492825e-42
BUSI,iou,shuffled,78,0.79489684,0.0023230914,0.4040764,0.015188085,0.39082044,0.30141507,0.48315361,8.5646642e-11,1.0248654e-12,2.5693993e-10,3.0745963e-12
BUSI,iou,fixed,78,0.79489684,0.0023230914,0.16676812,0.00011444177,0.62812871,0.55037633,0.70471347,3.5254981e-12,1.1913071e-25,7.0509961e-12,3.5739212e-25
BUSI,iou,empty,78,0.79489684,0.0023230914,0.10079165,0.043297944,0.69410518,0.62104986,0.7622005,2.4534677e-14,9.1027733e-40,4.9069354e-14,1.8205547e-39
ClinicDB,dice,shuffled,61,0.92071848,0.0071492277,0.90196538,0.0093694157,0.018753098,-0.00038485738,0.044580858,0.026479586,0.086082724,0.026479586,0.086082724
ClinicDB,dice,fixed,61,0.92071848,0.0071492277,0.88309497,0.013056561,0.037623508,0.011270629,0.071187538,0.00024629855,0.010817713,0.00024629855,0.010817713
ClinicDB,dice,empty,61,0.92071848,0.0071492277,0.78714332,0.079261786,0.13357516,0.048041232,0.22290407,1.8262334e-08,1.5380214e-06,1.8262334e-08,1.5380214e-06
ClinicDB,iou,shuffled,61,0.86363219,0.0060592377,0.83764165,0.0089114797,0.025990536,0.0028271201,0.055454237,0.024977608,0.0459737,0.024977608,0.0459737
ClinicDB,iou,fixed,61,0.86363219,0.0060592377,0.81642434,0.014654818,0.047207842,0.017700489,0.083497169,0.00016381051,0.004678466,0.00016381051,0.004678466
ClinicDB,iou,empty,61,0.86363219,0.0060592377,0.70703032,0.088811418,0.15660186,0.059821233,0.25839191,4.4984695e-09,2.5312182e-07,4.4984695e-09,2.5312182e-07
BUS-BRA,dice,shuffled,282,0.90237124,0.0014361454,0.89468166,0.0022666654,0.0076895875,0.0043728919,0.011866922,3.0129103e-09,2.4655051e-05,6.0258206e-09,4.9310102e-05
BUS-BRA,dice,fixed,282,0.90237124,0.0014361454,0.88871785,0.0027646709,0.013653392,0.0085908433,0.019600086,1.7327476e-12,4.6591604e-07,5.1982428e-12,9.3183208e-07
BUS-BRA,dice,empty,282,0.90237124,0.0014361454,0.68224299,0.084422418,0.22012825,0.15917634,0.31140237,1.0727867e-45,4.6147943e-85,3.2183601e-45,1.3844383e-84
BUS-BRA,iou,shuffled,282,0.83152462,0.001048064,0.82141908,0.0019597553,0.010105544,0.0061194495,0.014510877,3.2448394e-09,2.0836617e-07,6.4896788e-09,4.1673235e-07
BUS-BRA,iou,fixed,282,0.83152462,0.001048064,0.81417998,0.002547329,0.017344642,0.012026151,0.023475099,1.4290592e-12,2.5185327e-10,4.2871776e-12,5.0370655e-10
BUS-BRA,iou,empty,282,0.83152462,0.001048064,0.53914433,0.091919444,0.29238029,0.22359701,0.39353618,1.2313922e-46,4.3564442e-97,3.6941766e-46,1.3069333e-96
BRISC,dice,shuffled,892,0.87181583,0.0014264998,0.70888899,0.021248576,0.16292684,0.13519019,0.19239826,3.4044714e-49,4.1271246e-48,1.3617886e-48,1.6508498e-47
BRISC,dice,fixed,892,0.87181583,0.0014264998,0.75310786,0.019682528,0.11870797,0.092495314,0.14557253,2.8323506e-29,1.902395e-31,1.1329402e-28,7.6095802e-31
BRISC,dice,empty,892,0.87181583,0.0014264998,0.58891279,0.052979006,0.28290304,0.22779238,0.33396325,2.1356193e-122,1.5409006e-125,8.5424772e-122,6.1636025e-125
BRISC,iou,shuffled,892,0.80316369,0.0013246011,0.63658034,0.020624233,0.16658335,0.13946227,0.19623105,1.3245953e-49,2.0221446e-50,5.2983812e-49,8.0885784e-50
BRISC,iou,fixed,892,0.80316369,0.0013246011,0.68459052,0.019624045,0.11857317,0.091838562,0.14560328,1.3376541e-29,1.1568939e-31,5.3506166e-29,4.6275755e-31
BRISC,iou,empty,892,0.80316369,0.0013246011,0.52097739,0.053086893,0.28218631,0.22698756,0.3302057,1.970653e-122,3.3429831e-146,7.882612e-122,1.3371933e-145
COVID-19,dice,shuffled,2113,0.84083193,0.0013368908,0.68795184,0.008248882,0.1528801,0.14273778,0.16376727,1.2885485e-249,6.0489089e-241,6.4427425e-249,3.0244544e-240
COVID-19,dice,fixed,2113,0.84083193,0.0013368908,0.68536782,0.0016041508,0.15546412,0.14727614,0.16355182,7.4648417e-211,5.0854889e-245,3.7324209e-210,2.5427444e-244
COVID-19,dice,empty,2113,0.84083193,0.0013368908,0.55814566,0.038210362,0.28268628,0.24201156,0.31531515,0,0,0,0
COVID-19,iou,shuffled,2113,0.7550891,0.0013529866,0.57473344,0.0095464119,0.18035566,0.1694482,0.19264978,3.7580609e-254,1.9645379e-279,1.8790304e-253,9.8226896e-279
COVID-19,iou,fixed,2113,0.7550891,0.0013529866,0.58645724,0.0015562569,0.16863186,0.16053815,0.17690027,4.8674601e-212,2.5400024e-265,2.4337301e-211,1.2700012e-264
COVID-19,iou,empty,2113,0.7550891,0.0013529866,0.42509861,0.037922211,0.32999048,0.28965076,0.36186944,0,0,0,0
