run_id,dataset,label,case_id,delta_mean_dice,true_consensus_dice,shuffled_consensus_dice,image_path,mask_path,true_prompt,shuffled_prompt
V3_ABL_EQUIPROMPT,medclipseg_busi,BUSI,medclipseg_busi:209_malignant,0.5717650000000001,0.8462213554363724,0.2897318717842191,<PROJECT_ROOT>/datasets/MedCLIPSeg-datasets/extracted/BUSI/Test_Folder/img/209_malignant.png,<PROJECT_ROOT>/datasets/MedCLIPSeg-datasets/extracted/BUSI/Test_Folder/label/209_malignant.png,"Two small square-shaped irregular tumors at the top, top in the breast ultrasound image.
","One medium circle-shaped irregular tumor at the center in the breast ultrasound image.
"
V3_ABL_EQUIPROMPT,medclipseg_clinicdb,ClinicDB,medclipseg_clinicdb:513,0.008142666666666631,0.950546590317543,0.9515418502202643,<PROJECT_ROOT>/datasets/MedCLIPSeg-datasets/extracted/ClinicDB/Test_Folder/img/513.png,<PROJECT_ROOT>/datasets/MedCLIPSeg-datasets/extracted/ClinicDB/Test_Folder/label/513.png,"one small pink circle polyp, located in center of the image
","one medium white round polyp, located in center of the image
"
V3_ABL_EQUIPROMPT,medclipseg_busbra,BUS-BRA,medclipseg_busbra:bus_0445-r,0.010098999999999969,0.9577780545522481,0.9484957882069796,<PROJECT_ROOT>/datasets/MedCLIPSeg-datasets/extracted/BUSBRA/Test_Folder/img/bus_0445-r.png,<PROJECT_ROOT>/datasets/MedCLIPSeg-datasets/extracted/BUSBRA/Test_Folder/label/bus_0445-r.png,The breast shows a benign tumor positioned in the upper.,An area of malignant tumor is identified in the upper part of the breast.
V3_ABL_EQUIPROMPT,medclipseg_brisc,BRISC,medclipseg_brisc:brisc2025_test_00159_gl_co_t1,0.015839666666666696,0.898034398034398,0.8750830564784053,<PROJECT_ROOT>/datasets/MedCLIPSeg-datasets/extracted/BRISC/Test_Folder/img/brisc2025_test_00159_gl_co_t1.png,<PROJECT_ROOT>/datasets/MedCLIPSeg-datasets/extracted/BRISC/Test_Folder/label/brisc2025_test_00159_gl_co_t1.png,Imaging reveals a glioma abnormality located in the center.,Detected meningioma lesion located at the center area.
V3_ABL_EQUIPROMPT,medclipseg_covid19,COVID-19,medclipseg_covid19:mask_sub-S09371_ses-E21897_run-1_bp-chest_vp-ap_dx,0.2539406666666666,0.9143242635484596,0.6526490315773608,<PROJECT_ROOT>/datasets/MedCLIPSeg-datasets/extracted/Covid19/Test_Folder/img/mask_sub-S09371_ses-E21897_run-1_bp-chest_vp-ap_dx.png,<PROJECT_ROOT>/datasets/MedCLIPSeg-datasets/extracted/Covid19/Test_Folder/label/mask_sub-S09371_ses-E21897_run-1_bp-chest_vp-ap_dx.png,Bilateral pulmonary infection involving two regions with involvement of the lower left lung and the lower right lung,Bilateral pulmonary infection involving two regions with involvement of all left lung and all right lung
