method,modality,dataset,seeds,samples_per_seed,dice_mean,dice_std,iou_mean,iou_std,nsd_mean,nsd_std,hd95_finite_mean,hd95_finite_std,assd_finite_mean,assd_finite_std,one_empty_failure_rate_mean,one_empty_failure_rate_std
MedCLIPSeg,image+text,medclipseg_busi,3,78,0.861304667,0.010872332,0.793521667,0.011138338,0.411103000,0.006592776,32.643319000,6.091858651,10.916884333,1.667394171,0.000000000,0.000000000
MedCLIPSeg,image+text,medclipseg_clinicdb,3,61,0.919609667,0.000691275,0.856423333,0.000967939,0.585043000,0.011932947,12.247740333,1.072500237,3.397292000,0.147127460,0.000000000,0.000000000
MedCLIPSeg,image+text,medclipseg_busbra,3,282,0.884674667,0.006567757,0.804646667,0.007617062,0.455441000,0.007601041,16.130370000,1.541778061,5.093063333,0.658149019,0.000000000,0.000000000
MedCLIPSeg,image+text,medclipseg_brisc,3,892,0.813591667,0.017888847,0.724425333,0.022566719,0.488972333,0.048433112,15.252325000,0.907154300,5.818854333,0.703620065,0.008968667,0.004042378
MedCLIPSeg,image+text,medclipseg_covid19,3,2113,0.826198667,0.011914926,0.734655000,0.014846026,0.673693667,0.020850500,18.098541667,3.175415444,4.449520667,0.654471968,0.000000000,0.000000000
CausalCLIPSeg,image+text,medclipseg_busi,3,78,0.846165667,0.010661713,0.781323333,0.012713077,0.435803667,0.004980054,40.609374000,3.006676034,12.553633000,0.965583673,0.000000000,0.000000000
CausalCLIPSeg,image+text,medclipseg_clinicdb,3,61,0.911861333,0.010981483,0.851717667,0.012565514,0.642590000,0.023677430,15.776627000,1.039283374,3.836227667,0.277503235,0.000000000,0.000000000
CausalCLIPSeg,image+text,medclipseg_busbra,3,282,0.888732333,0.004856220,0.813834667,0.006382747,0.495680333,0.012709140,15.527841333,0.670474795,4.987267000,0.418359684,0.000000000,0.000000000
CausalCLIPSeg,image+text,medclipseg_brisc,3,892,0.861124667,0.003101692,0.790091667,0.005118339,0.659032000,0.014320223,14.693232667,1.457594624,4.819556000,0.320088611,0.004858000,0.007464562
CausalCLIPSeg,image+text,medclipseg_covid19,3,2113,0.818500000,0.001488623,0.729108000,0.001180126,0.682363333,0.001861953,20.021269333,0.134616079,5.500462000,0.090740880,0.000789000,0.000723065
LViT,image+text,medclipseg_busi,3,78,0.818071333,0.008887943,0.746329333,0.010185269,0.412636667,0.014480867,48.091478000,2.871382508,14.388326667,0.665291569,0.012820667,0.012820500
LViT,image+text,medclipseg_clinicdb,3,61,0.910309333,0.005344162,0.848921000,0.005797757,0.652649000,0.014848674,16.281125667,3.095057734,3.962885667,0.713146625,0.000000000,0.000000000
LViT,image+text,medclipseg_busbra,3,282,0.876602333,0.001408818,0.797534000,0.001508526,0.503973667,0.006070625,19.996823333,0.817629442,5.843799000,0.302698075,0.000000000,0.000000000
LViT,image+text,medclipseg_brisc,3,892,0.852402333,0.000597858,0.785410667,0.001084685,0.707822000,0.004476153,14.818005667,0.501324282,4.368506000,0.060802566,0.016442333,0.003424712
LViT,image+text,medclipseg_covid19,3,2113,0.785035000,0.004377000,0.690297333,0.004068802,0.657504000,0.005377508,27.134850333,0.549729570,6.963292000,0.152902204,0.006468000,0.003614670
MedEquiSeg,image+text,medclipseg_busi,3,78,0.857811000,0.004543027,0.794897000,0.002322689,0.439583000,0.013023629,35.857677667,3.437649663,11.423353000,0.918612536,0.000000000,0.000000000
MedEquiSeg,image+text,medclipseg_clinicdb,3,61,0.920718667,0.007149383,0.863632333,0.006059252,0.670034667,0.002392069,14.990610667,1.084576830,3.605029667,0.337237541,0.000000000,0.000000000
MedEquiSeg,image+text,medclipseg_busbra,3,282,0.902371000,0.001436131,0.831524667,0.001048096,0.525265667,0.002919329,13.809447667,0.592306156,4.311106000,0.145043246,0.000000000,0.000000000
MedEquiSeg,image+text,medclipseg_brisc,3,892,0.871815667,0.001426689,0.803163667,0.001324579,0.671176000,0.001643227,12.631729000,0.199439716,4.231634000,0.297675292,0.003736667,0.001712356
MedEquiSeg,image+text,medclipseg_covid19,3,2113,0.840832000,0.001337052,0.755089000,0.001352905,0.710778667,0.002553161,15.030809000,0.713944684,3.723168333,0.181712779,0.000631000,0.000273664
RollingUNet,image-only,medclipseg_busi,3,78,0.723581333,0.011958753,0.650631667,0.014584823,0.298121333,0.022946502,65.717568667,2.142482243,20.514096667,1.377995950,0.072649667,0.019583855
RollingUNet,image-only,medclipseg_clinicdb,3,61,0.873091000,0.007670930,0.801218333,0.009108996,0.498782333,0.023175328,21.460286667,1.762738151,5.188272333,0.184960821,0.010928667,0.009464503
RollingUNet,image-only,medclipseg_busbra,3,282,0.880042000,0.004546165,0.802641333,0.005614147,0.506684667,0.012149289,18.712411333,1.337877876,5.514396333,0.349090986,0.001182000,0.002047284
RollingUNet,image-only,medclipseg_brisc,3,892,0.850320333,0.006485803,0.778608667,0.006010684,0.646439000,0.007162457,13.604703667,0.235834446,4.671185333,0.246621579,0.016442333,0.003603511
RollingUNet,image-only,medclipseg_covid19,3,2113,0.793187667,0.002352395,0.698235333,0.003425019,0.664685333,0.003615779,29.171858667,0.756150063,6.864608333,0.087836636,0.001893333,0.000946500
U-Net,image-only,medclipseg_busi,3,78,0.613075667,0.011635774,0.527020667,0.015502337,0.122742333,0.018555407,120.793414333,31.039122362,30.795277667,6.689473461,0.166667000,0.000000000
U-Net,image-only,medclipseg_clinicdb,3,61,0.856092000,0.012810546,0.777201333,0.013809735,0.388333333,0.034498229,36.126083667,5.397060112,8.847454667,1.410091614,0.000000000,0.000000000
U-Net,image-only,medclipseg_busbra,3,282,0.873509333,0.001308769,0.790628667,0.001731123,0.447522667,0.006618503,22.170467333,0.689208520,6.046227333,0.106184423,0.000000000,0.000000000
U-Net,image-only,medclipseg_brisc,3,892,0.849974333,0.001199090,0.774966333,0.000373928,0.616793667,0.009834547,13.819852333,0.310677094,4.872345000,0.113542178,0.006352667,0.002334108
U-Net,image-only,medclipseg_covid19,3,2113,0.788064000,0.000745541,0.690186667,0.001189399,0.640797000,0.004465078,30.466415333,0.198700776,7.131417333,0.076519540,0.000000000,0.000000000
U-Net++,image-only,medclipseg_busi,3,78,0.762127333,0.006689667,0.694130333,0.007900239,0.346898667,0.014562055,48.764719667,3.252993173,15.777814333,0.460545711,0.064102667,0.012820500
U-Net++,image-only,medclipseg_clinicdb,3,61,0.897716000,0.006427552,0.832030000,0.008343230,0.600738667,0.011317238,18.467288000,1.575439876,4.745919667,0.198011330,0.000000000,0.000000000
U-Net++,image-only,medclipseg_busbra,3,282,0.885901667,0.000598744,0.811182000,0.000656310,0.530355333,0.001996101,18.501238000,0.522022293,5.218601333,0.046417196,0.000000000,0.000000000
U-Net++,image-only,medclipseg_brisc,3,892,0.859399000,0.004064339,0.789897333,0.003674464,0.676605667,0.004712415,13.554989667,0.159183732,4.745758667,0.172767309,0.007473667,0.003236626
U-Net++,image-only,medclipseg_covid19,3,2113,0.800038667,0.000584717,0.705102000,0.000765279,0.665654333,0.001531211,28.021432000,0.243706601,6.529895667,0.052255084,0.000000000,0.000000000
nnU-Net,image-only,medclipseg_busi,3,78,0.749906000,0.002306890,0.686341333,0.002670372,0.337573000,0.005172971,44.653437000,2.826690151,15.432708667,2.075682891,0.085470333,0.019583419
nnU-Net,image-only,medclipseg_clinicdb,3,61,0.936224333,0.003052402,0.886285667,0.002875367,0.705794667,0.004793888,9.822503333,1.229661206,2.714074667,0.251479783,0.000000000,0.000000000
nnU-Net,image-only,medclipseg_busbra,3,282,0.898030333,0.004414293,0.828980667,0.004819599,0.538869333,0.004076441,14.834894333,0.614325589,4.517889333,0.189364969,0.000000000,0.000000000
nnU-Net,image-only,medclipseg_brisc,3,892,0.872950000,0.003535059,0.813115667,0.004268901,0.733337000,0.005073613,12.584226333,0.537525785,3.954871000,0.258436959,0.014947667,0.003936823
nnU-Net,image-only,medclipseg_covid19,3,2113,0.790652000,0.001369946,0.696671000,0.002425387,0.660855333,0.003094605,28.005599000,0.652190259,6.550033333,0.157269928,0.007099000,0.001420000
U-Mamba,image-only,medclipseg_busi,3,78,0.766323667,0.008018684,0.701592000,0.005500418,0.354790667,0.014665318,49.161666000,12.169571428,16.640132000,2.787280925,0.068376333,0.007401630
U-Mamba,image-only,medclipseg_clinicdb,3,61,0.922086000,0.001585184,0.871227667,0.003304543,0.697882000,0.012516312,13.228996667,0.518241983,3.600812667,0.219798324,0.000000000,0.000000000
U-Mamba,image-only,medclipseg_busbra,3,282,0.903404333,0.004590107,0.835776333,0.004742202,0.552533333,0.002095635,13.719202667,0.737468683,4.316919333,0.257376483,0.000000000,0.000000000
U-Mamba,image-only,medclipseg_brisc,3,892,0.853710667,0.005795001,0.791645000,0.006638563,0.701906333,0.011039180,13.230239000,0.299187062,4.620414667,0.184551177,0.020179333,0.002966265
U-Mamba,image-only,medclipseg_covid19,3,2113,0.790756667,0.003129394,0.696832667,0.004232977,0.663464333,0.004295114,27.784466000,0.727475962,6.695840667,0.175909369,0.006152333,0.001639097
U-KAN,image-only,medclipseg_busi,3,78,0.770963667,0.033281024,0.703751667,0.033735297,0.371037667,0.029349772,48.213848333,2.727452074,16.788930000,1.733215021,0.059829000,0.029607677
U-KAN,image-only,medclipseg_clinicdb,3,61,0.913958333,0.003400152,0.853100333,0.003303784,0.629289000,0.003317147,15.171817667,0.940905686,3.893418000,0.175185276,0.000000000,0.000000000
U-KAN,image-only,medclipseg_busbra,3,282,0.885575667,0.007477724,0.811885667,0.008117294,0.526349667,0.006814739,16.981279333,0.324011800,5.189182000,0.286915354,0.000000000,0.000000000
U-KAN,image-only,medclipseg_brisc,3,892,0.854542000,0.003182038,0.783250333,0.003528306,0.648882000,0.005334763,13.015724000,0.691641602,4.282696333,0.178596330,0.015695000,0.004041823
U-KAN,image-only,medclipseg_covid19,3,2113,0.793816333,0.002104858,0.699106000,0.002992153,0.672275000,0.003105719,29.323692333,1.001515301,6.883909667,0.226822046,0.003786000,0.001706396
