method,modality,dataset,seed,samples,dice_mean,iou_mean,nsd_mean,hd95_finite_mean,assd_finite_mean,one_empty_failure_rate,source
MedCLIPSeg,image+text,medclipseg_busi,123,78,0.851191,0.782502,0.410311,34.307089,11.580634,0.000000,<PROJECT_ROOT>/logs/protocol_v3/abb8ccb2d46cf039a4a0c573d733e3bc510636e6dfa7e59032508ab96fc0f718/V3_MEDCLIPSEG_OFFICIAL/medclipseg_busi/seed123/controls/true/summary.csv
MedCLIPSeg,image+text,medclipseg_busi,456,78,0.872803,0.804775,0.404942,25.892427,9.019832,0.000000,<PROJECT_ROOT>/logs/protocol_v3/abb8ccb2d46cf039a4a0c573d733e3bc510636e6dfa7e59032508ab96fc0f718/V3_MEDCLIPSEG_OFFICIAL/medclipseg_busi/seed456/controls/true/summary.csv
MedCLIPSeg,image+text,medclipseg_busi,789,78,0.859920,0.793288,0.418056,37.730441,12.150187,0.000000,<PROJECT_ROOT>/logs/protocol_v3/abb8ccb2d46cf039a4a0c573d733e3bc510636e6dfa7e59032508ab96fc0f718/V3_MEDCLIPSEG_OFFICIAL/medclipseg_busi/seed789/controls/true/summary.csv
MedCLIPSeg,image+text,medclipseg_clinicdb,123,61,0.920195,0.857473,0.586590,11.026127,3.229091,0.000000,<PROJECT_ROOT>/logs/protocol_v3/abb8ccb2d46cf039a4a0c573d733e3bc510636e6dfa7e59032508ab96fc0f718/V3_MEDCLIPSEG_OFFICIAL/medclipseg_clinicdb/seed123/controls/true/summary.csv
MedCLIPSeg,image+text,medclipseg_clinicdb,456,61,0.918847,0.855566,0.596127,13.034622,3.460709,0.000000,<PROJECT_ROOT>/logs/protocol_v3/abb8ccb2d46cf039a4a0c573d733e3bc510636e6dfa7e59032508ab96fc0f718/V3_MEDCLIPSEG_OFFICIAL/medclipseg_clinicdb/seed456/controls/true/summary.csv
MedCLIPSeg,image+text,medclipseg_clinicdb,789,61,0.919787,0.856231,0.572412,12.682472,3.502076,0.000000,<PROJECT_ROOT>/logs/protocol_v3/abb8ccb2d46cf039a4a0c573d733e3bc510636e6dfa7e59032508ab96fc0f718/V3_MEDCLIPSEG_OFFICIAL/medclipseg_clinicdb/seed789/controls/true/summary.csv
MedCLIPSeg,image+text,medclipseg_busbra,123,282,0.877251,0.796106,0.446791,17.910603,5.849722,0.000000,<PROJECT_ROOT>/logs/protocol_v3/abb8ccb2d46cf039a4a0c573d733e3bc510636e6dfa7e59032508ab96fc0f718/V3_MEDCLIPSEG_OFFICIAL/medclipseg_busbra/seed123/controls/true/summary.csv
MedCLIPSeg,image+text,medclipseg_busbra,456,282,0.887044,0.807097,0.461054,15.227706,4.776060,0.000000,<PROJECT_ROOT>/logs/protocol_v3/abb8ccb2d46cf039a4a0c573d733e3bc510636e6dfa7e59032508ab96fc0f718/V3_MEDCLIPSEG_OFFICIAL/medclipseg_busbra/seed456/controls/true/summary.csv
MedCLIPSeg,image+text,medclipseg_busbra,789,282,0.889729,0.810737,0.458478,15.252801,4.653408,0.000000,<PROJECT_ROOT>/logs/protocol_v3/abb8ccb2d46cf039a4a0c573d733e3bc510636e6dfa7e59032508ab96fc0f718/V3_MEDCLIPSEG_OFFICIAL/medclipseg_busbra/seed789/controls/true/summary.csv
MedCLIPSeg,image+text,medclipseg_brisc,123,892,0.832784,0.749165,0.543773,14.327835,5.213257,0.004484,<PROJECT_ROOT>/logs/protocol_v3/abb8ccb2d46cf039a4a0c573d733e3bc510636e6dfa7e59032508ab96fc0f718/V3_MEDCLIPSEG_OFFICIAL/medclipseg_brisc/seed123/controls/true/summary.csv
MedCLIPSeg,image+text,medclipseg_brisc,456,892,0.797381,0.704969,0.451906,16.141088,6.590716,0.012332,<PROJECT_ROOT>/logs/protocol_v3/abb8ccb2d46cf039a4a0c573d733e3bc510636e6dfa7e59032508ab96fc0f718/V3_MEDCLIPSEG_OFFICIAL/medclipseg_brisc/seed456/controls/true/summary.csv
MedCLIPSeg,image+text,medclipseg_brisc,789,892,0.810610,0.719142,0.471238,15.288052,5.652590,0.010090,<PROJECT_ROOT>/logs/protocol_v3/abb8ccb2d46cf039a4a0c573d733e3bc510636e6dfa7e59032508ab96fc0f718/V3_MEDCLIPSEG_OFFICIAL/medclipseg_brisc/seed789/controls/true/summary.csv
MedCLIPSeg,image+text,medclipseg_covid19,123,2113,0.827494,0.736724,0.673696,18.064927,4.543312,0.000000,<PROJECT_ROOT>/logs/protocol_v3/abb8ccb2d46cf039a4a0c573d733e3bc510636e6dfa7e59032508ab96fc0f718/V3_MEDCLIPSEG_OFFICIAL/medclipseg_covid19/seed123/controls/true/summary.csv
MedCLIPSeg,image+text,medclipseg_covid19,456,2113,0.837413,0.748358,0.694543,14.940067,3.753213,0.000000,<PROJECT_ROOT>/logs/protocol_v3/abb8ccb2d46cf039a4a0c573d733e3bc510636e6dfa7e59032508ab96fc0f718/V3_MEDCLIPSEG_OFFICIAL/medclipseg_covid19/seed456/controls/true/summary.csv
MedCLIPSeg,image+text,medclipseg_covid19,789,2113,0.813689,0.718883,0.652842,21.290631,5.052037,0.000000,<PROJECT_ROOT>/logs/protocol_v3/abb8ccb2d46cf039a4a0c573d733e3bc510636e6dfa7e59032508ab96fc0f718/V3_MEDCLIPSEG_OFFICIAL/medclipseg_covid19/seed789/controls/true/summary.csv
CausalCLIPSeg,image+text,medclipseg_busi,123,78,0.853304,0.788764,0.438833,38.332693,12.338713,0.000000,<PROJECT_ROOT>/logs/protocol_v3/abb8ccb2d46cf039a4a0c573d733e3bc510636e6dfa7e59032508ab96fc0f718/V3_R0/medclipseg_busi/seed123/controls/true/summary.csv
CausalCLIPSeg,image+text,medclipseg_busi,456,78,0.833910,0.766644,0.430056,44.017658,13.608568,0.000000,<PROJECT_ROOT>/logs/protocol_v3/abb8ccb2d46cf039a4a0c573d733e3bc510636e6dfa7e59032508ab96fc0f718/V3_R0/medclipseg_busi/seed456/controls/true/summary.csv
CausalCLIPSeg,image+text,medclipseg_busi,789,78,0.851283,0.788562,0.438522,39.477771,11.713618,0.000000,<PROJECT_ROOT>/logs/protocol_v3/abb8ccb2d46cf039a4a0c573d733e3bc510636e6dfa7e59032508ab96fc0f718/V3_R0/medclipseg_busi/seed789/controls/true/summary.csv
CausalCLIPSeg,image+text,medclipseg_clinicdb,123,61,0.901527,0.843240,0.635007,15.783763,4.155086,0.000000,<PROJECT_ROOT>/logs/protocol_v3/abb8ccb2d46cf039a4a0c573d733e3bc510636e6dfa7e59032508ab96fc0f718/V3_R0/medclipseg_clinicdb/seed123/controls/true/summary.csv
CausalCLIPSeg,image+text,medclipseg_clinicdb,456,61,0.923392,0.866154,0.669130,16.812324,3.649320,0.000000,<PROJECT_ROOT>/logs/protocol_v3/abb8ccb2d46cf039a4a0c573d733e3bc510636e6dfa7e59032508ab96fc0f718/V3_R0/medclipseg_clinicdb/seed456/controls/true/summary.csv
CausalCLIPSeg,image+text,medclipseg_clinicdb,789,61,0.910665,0.845759,0.623633,14.733794,3.704277,0.000000,<PROJECT_ROOT>/logs/protocol_v3/abb8ccb2d46cf039a4a0c573d733e3bc510636e6dfa7e59032508ab96fc0f718/V3_R0/medclipseg_clinicdb/seed789/controls/true/summary.csv
CausalCLIPSeg,image+text,medclipseg_busbra,123,282,0.887599,0.811963,0.487441,15.860813,5.201428,0.000000,<PROJECT_ROOT>/logs/protocol_v3/abb8ccb2d46cf039a4a0c573d733e3bc510636e6dfa7e59032508ab96fc0f718/V3_R0/medclipseg_busbra/seed123/controls/true/summary.csv
CausalCLIPSeg,image+text,medclipseg_busbra,456,282,0.894055,0.820944,0.510317,14.756059,4.505185,0.000000,<PROJECT_ROOT>/logs/protocol_v3/abb8ccb2d46cf039a4a0c573d733e3bc510636e6dfa7e59032508ab96fc0f718/V3_R0/medclipseg_busbra/seed456/controls/true/summary.csv
CausalCLIPSeg,image+text,medclipseg_busbra,789,282,0.884543,0.808597,0.489283,15.966652,5.255188,0.000000,<PROJECT_ROOT>/logs/protocol_v3/abb8ccb2d46cf039a4a0c573d733e3bc510636e6dfa7e59032508ab96fc0f718/V3_R0/medclipseg_busbra/seed789/controls/true/summary.csv
CausalCLIPSeg,image+text,medclipseg_brisc,123,892,0.863927,0.794674,0.669362,13.449328,4.472702,0.013453,<PROJECT_ROOT>/logs/protocol_v3/abb8ccb2d46cf039a4a0c573d733e3bc510636e6dfa7e59032508ab96fc0f718/V3_R0/medclipseg_brisc/seed123/controls/true/summary.csv
CausalCLIPSeg,image+text,medclipseg_brisc,456,892,0.861655,0.791033,0.665049,14.333295,4.882412,0.001121,<PROJECT_ROOT>/logs/protocol_v3/abb8ccb2d46cf039a4a0c573d733e3bc510636e6dfa7e59032508ab96fc0f718/V3_R0/medclipseg_brisc/seed456/controls/true/summary.csv
CausalCLIPSeg,image+text,medclipseg_brisc,789,892,0.857792,0.784568,0.642685,16.297075,5.103554,0.000000,<PROJECT_ROOT>/logs/protocol_v3/abb8ccb2d46cf039a4a0c573d733e3bc510636e6dfa7e59032508ab96fc0f718/V3_R0/medclipseg_brisc/seed789/controls/true/summary.csv
CausalCLIPSeg,image+text,medclipseg_covid19,123,2113,0.816963,0.727755,0.680559,20.156803,5.587777,0.001420,<PROJECT_ROOT>/logs/protocol_v3/abb8ccb2d46cf039a4a0c573d733e3bc510636e6dfa7e59032508ab96fc0f718/V3_R0/medclipseg_covid19/seed123/controls/true/summary.csv
CausalCLIPSeg,image+text,medclipseg_covid19,456,2113,0.818602,0.729644,0.682253,19.887590,5.506964,0.000947,<PROJECT_ROOT>/logs/protocol_v3/abb8ccb2d46cf039a4a0c573d733e3bc510636e6dfa7e59032508ab96fc0f718/V3_R0/medclipseg_covid19/seed456/controls/true/summary.csv
CausalCLIPSeg,image+text,medclipseg_covid19,789,2113,0.819935,0.729925,0.684278,20.019415,5.406645,0.000000,<PROJECT_ROOT>/logs/protocol_v3/abb8ccb2d46cf039a4a0c573d733e3bc510636e6dfa7e59032508ab96fc0f718/V3_R0/medclipseg_covid19/seed789/controls/true/summary.csv
LViT,image+text,medclipseg_busi,123,78,0.819449,0.747043,0.396392,51.257576,13.735031,0.025641,<PROJECT_ROOT>/logs/protocol_v3/abb8ccb2d46cf039a4a0c573d733e3bc510636e6dfa7e59032508ab96fc0f718/V3_LVIT_PUBMEDBERT/medclipseg_busi/seed123/controls/true/summary.csv
LViT,image+text,medclipseg_busi,456,78,0.808575,0.735806,0.417327,47.360899,15.064998,0.012821,<PROJECT_ROOT>/logs/protocol_v3/abb8ccb2d46cf039a4a0c573d733e3bc510636e6dfa7e59032508ab96fc0f718/V3_LVIT_PUBMEDBERT/medclipseg_busi/seed456/controls/true/summary.csv
LViT,image+text,medclipseg_busi,789,78,0.826190,0.756139,0.424191,45.655959,14.364951,0.000000,<PROJECT_ROOT>/logs/protocol_v3/abb8ccb2d46cf039a4a0c573d733e3bc510636e6dfa7e59032508ab96fc0f718/V3_LVIT_PUBMEDBERT/medclipseg_busi/seed789/controls/true/summary.csv
LViT,image+text,medclipseg_clinicdb,123,61,0.916361,0.854750,0.654119,15.617057,3.746714,0.000000,<PROJECT_ROOT>/logs/protocol_v3/abb8ccb2d46cf039a4a0c573d733e3bc510636e6dfa7e59032508ab96fc0f718/V3_LVIT_PUBMEDBERT/medclipseg_clinicdb/seed123/controls/true/summary.csv
LViT,image+text,medclipseg_clinicdb,456,61,0.906238,0.848858,0.666708,13.572002,3.382836,0.000000,<PROJECT_ROOT>/logs/protocol_v3/abb8ccb2d46cf039a4a0c573d733e3bc510636e6dfa7e59032508ab96fc0f718/V3_LVIT_PUBMEDBERT/medclipseg_clinicdb/seed456/controls/true/summary.csv
LViT,image+text,medclipseg_clinicdb,789,61,0.908329,0.843155,0.637120,19.654318,4.759107,0.000000,<PROJECT_ROOT>/logs/protocol_v3/abb8ccb2d46cf039a4a0c573d733e3bc510636e6dfa7e59032508ab96fc0f718/V3_LVIT_PUBMEDBERT/medclipseg_clinicdb/seed789/controls/true/summary.csv
LViT,image+text,medclipseg_busbra,123,282,0.875479,0.796003,0.498738,20.874073,5.932646,0.000000,<PROJECT_ROOT>/logs/protocol_v3/abb8ccb2d46cf039a4a0c573d733e3bc510636e6dfa7e59032508ab96fc0f718/V3_LVIT_PUBMEDBERT/medclipseg_busbra/seed123/controls/true/summary.csv
LViT,image+text,medclipseg_busbra,456,282,0.878183,0.799019,0.510628,19.860428,5.506620,0.000000,<PROJECT_ROOT>/logs/protocol_v3/abb8ccb2d46cf039a4a0c573d733e3bc510636e6dfa7e59032508ab96fc0f718/V3_LVIT_PUBMEDBERT/medclipseg_busbra/seed456/controls/true/summary.csv
LViT,image+text,medclipseg_busbra,789,282,0.876145,0.797580,0.502555,19.255969,6.092131,0.000000,<PROJECT_ROOT>/logs/protocol_v3/abb8ccb2d46cf039a4a0c573d733e3bc510636e6dfa7e59032508ab96fc0f718/V3_LVIT_PUBMEDBERT/medclipseg_busbra/seed789/controls/true/summary.csv
LViT,image+text,medclipseg_brisc,123,892,0.851990,0.784496,0.702708,14.520114,4.315957,0.020179,<PROJECT_ROOT>/logs/protocol_v3/abb8ccb2d46cf039a4a0c573d733e3bc510636e6dfa7e59032508ab96fc0f718/V3_LVIT_PUBMEDBERT/medclipseg_brisc/seed123/controls/true/summary.csv
LViT,image+text,medclipseg_brisc,456,892,0.853088,0.786609,0.711028,14.537101,4.435103,0.015695,<PROJECT_ROOT>/logs/protocol_v3/abb8ccb2d46cf039a4a0c573d733e3bc510636e6dfa7e59032508ab96fc0f718/V3_LVIT_PUBMEDBERT/medclipseg_brisc/seed456/controls/true/summary.csv
LViT,image+text,medclipseg_brisc,789,892,0.852129,0.785127,0.709730,15.396802,4.354458,0.013453,<PROJECT_ROOT>/logs/protocol_v3/abb8ccb2d46cf039a4a0c573d733e3bc510636e6dfa7e59032508ab96fc0f718/V3_LVIT_PUBMEDBERT/medclipseg_brisc/seed789/controls/true/summary.csv
LViT,image+text,medclipseg_covid19,123,2113,0.790075,0.694768,0.663688,27.697807,6.816964,0.003313,<PROJECT_ROOT>/logs/protocol_v3/abb8ccb2d46cf039a4a0c573d733e3bc510636e6dfa7e59032508ab96fc0f718/V3_LVIT_PUBMEDBERT/medclipseg_covid19/seed123/controls/true/summary.csv
LViT,image+text,medclipseg_covid19,456,2113,0.782842,0.686811,0.654898,27.107365,7.122014,0.005679,<PROJECT_ROOT>/logs/protocol_v3/abb8ccb2d46cf039a4a0c573d733e3bc510636e6dfa7e59032508ab96fc0f718/V3_LVIT_PUBMEDBERT/medclipseg_covid19/seed456/controls/true/summary.csv
LViT,image+text,medclipseg_covid19,789,2113,0.782188,0.689313,0.653926,26.599379,6.950898,0.010412,<PROJECT_ROOT>/logs/protocol_v3/abb8ccb2d46cf039a4a0c573d733e3bc510636e6dfa7e59032508ab96fc0f718/V3_LVIT_PUBMEDBERT/medclipseg_covid19/seed789/controls/true/summary.csv
MedEquiSeg,image+text,medclipseg_busi,123,78,0.858989,0.793791,0.425956,32.017249,10.429242,0.000000,<PROJECT_ROOT>/logs/protocol_v3/abb8ccb2d46cf039a4a0c573d733e3bc510636e6dfa7e59032508ab96fc0f718/V3_ABL_EQUIPROMPT/medclipseg_busi/seed123/controls/true/summary.csv
MedEquiSeg,image+text,medclipseg_busi,456,78,0.852795,0.793334,0.451905,38.647240,12.240809,0.000000,<PROJECT_ROOT>/logs/protocol_v3/abb8ccb2d46cf039a4a0c573d733e3bc510636e6dfa7e59032508ab96fc0f718/V3_ABL_EQUIPROMPT/medclipseg_busi/seed456/controls/true/summary.csv
MedEquiSeg,image+text,medclipseg_busi,789,78,0.861649,0.797566,0.440888,36.908544,11.600008,0.000000,<PROJECT_ROOT>/logs/protocol_v3/abb8ccb2d46cf039a4a0c573d733e3bc510636e6dfa7e59032508ab96fc0f718/V3_ABL_EQUIPROMPT/medclipseg_busi/seed789/controls/true/summary.csv
MedEquiSeg,image+text,medclipseg_clinicdb,123,61,0.926265,0.869189,0.667399,14.067903,3.328264,0.000000,<PROJECT_ROOT>/logs/protocol_v3/abb8ccb2d46cf039a4a0c573d733e3bc510636e6dfa7e59032508ab96fc0f718/V3_ABL_EQUIPROMPT/medclipseg_clinicdb/seed123/controls/true/summary.csv
MedEquiSeg,image+text,medclipseg_clinicdb,456,61,0.923241,0.864536,0.672068,14.718640,3.506179,0.000000,<PROJECT_ROOT>/logs/protocol_v3/abb8ccb2d46cf039a4a0c573d733e3bc510636e6dfa7e59032508ab96fc0f718/V3_ABL_EQUIPROMPT/medclipseg_clinicdb/seed456/controls/true/summary.csv
MedEquiSeg,image+text,medclipseg_clinicdb,789,61,0.912650,0.857172,0.670637,16.185289,3.980646,0.000000,<PROJECT_ROOT>/logs/protocol_v3/abb8ccb2d46cf039a4a0c573d733e3bc510636e6dfa7e59032508ab96fc0f718/V3_ABL_EQUIPROMPT/medclipseg_clinicdb/seed789/controls/true/summary.csv
MedEquiSeg,image+text,medclipseg_busbra,123,282,0.903845,0.832676,0.526024,13.188294,4.212524,0.000000,<PROJECT_ROOT>/logs/protocol_v3/abb8ccb2d46cf039a4a0c573d733e3bc510636e6dfa7e59032508ab96fc0f718/V3_ABL_EQUIPROMPT/medclipseg_busbra/seed123/controls/true/summary.csv
MedEquiSeg,image+text,medclipseg_busbra,456,282,0.902292,0.830626,0.522042,13.872128,4.243142,0.000000,<PROJECT_ROOT>/logs/protocol_v3/abb8ccb2d46cf039a4a0c573d733e3bc510636e6dfa7e59032508ab96fc0f718/V3_ABL_EQUIPROMPT/medclipseg_busbra/seed456/controls/true/summary.csv
MedEquiSeg,image+text,medclipseg_busbra,789,282,0.900976,0.831272,0.527731,14.367921,4.477652,0.000000,<PROJECT_ROOT>/logs/protocol_v3/abb8ccb2d46cf039a4a0c573d733e3bc510636e6dfa7e59032508ab96fc0f718/V3_ABL_EQUIPROMPT/medclipseg_busbra/seed789/controls/true/summary.csv
MedEquiSeg,image+text,medclipseg_brisc,123,892,0.873156,0.804628,0.671442,12.809238,4.573085,0.002242,<PROJECT_ROOT>/logs/protocol_v3/abb8ccb2d46cf039a4a0c573d733e3bc510636e6dfa7e59032508ab96fc0f718/V3_ABL_EQUIPROMPT/medclipseg_brisc/seed123/controls/true/summary.csv
MedEquiSeg,image+text,medclipseg_brisc,456,892,0.871975,0.802814,0.669416,12.415915,4.026718,0.005605,<PROJECT_ROOT>/logs/protocol_v3/abb8ccb2d46cf039a4a0c573d733e3bc510636e6dfa7e59032508ab96fc0f718/V3_ABL_EQUIPROMPT/medclipseg_brisc/seed456/controls/true/summary.csv
MedEquiSeg,image+text,medclipseg_brisc,789,892,0.870316,0.802049,0.672670,12.670034,4.095099,0.003363,<PROJECT_ROOT>/logs/protocol_v3/abb8ccb2d46cf039a4a0c573d733e3bc510636e6dfa7e59032508ab96fc0f718/V3_ABL_EQUIPROMPT/medclipseg_brisc/seed789/controls/true/summary.csv
MedEquiSeg,image+text,medclipseg_covid19,123,2113,0.840106,0.754490,0.710632,15.838589,3.909444,0.000473,<PROJECT_ROOT>/logs/protocol_v3/abb8ccb2d46cf039a4a0c573d733e3bc510636e6dfa7e59032508ab96fc0f718/V3_ABL_EQUIPROMPT/medclipseg_covid19/seed123/controls/true/summary.csv
MedEquiSeg,image+text,medclipseg_covid19,456,2113,0.842375,0.756638,0.713402,14.769522,3.546391,0.000473,<PROJECT_ROOT>/logs/protocol_v3/abb8ccb2d46cf039a4a0c573d733e3bc510636e6dfa7e59032508ab96fc0f718/V3_ABL_EQUIPROMPT/medclipseg_covid19/seed456/controls/true/summary.csv
MedEquiSeg,image+text,medclipseg_covid19,789,2113,0.840015,0.754139,0.708302,14.484316,3.713670,0.000947,<PROJECT_ROOT>/logs/protocol_v3/abb8ccb2d46cf039a4a0c573d733e3bc510636e6dfa7e59032508ab96fc0f718/V3_ABL_EQUIPROMPT/medclipseg_covid19/seed789/controls/true/summary.csv
RollingUNet,image-only,medclipseg_busi,123,78,0.714593,0.638562,0.287485,67.926368,19.507087,0.089744,<PROJECT_ROOT>/logs/protocol_v3_rolling_canonical/medclipseg_busi/seed123/controls/true/summary.csv
RollingUNet,image-only,medclipseg_busi,456,78,0.737154,0.666838,0.324456,65.578122,19.950680,0.051282,<PROJECT_ROOT>/logs/protocol_v3_rolling_canonical/medclipseg_busi/seed456/controls/true/summary.csv
RollingUNet,image-only,medclipseg_busi,789,78,0.718997,0.646495,0.282423,63.648216,22.084523,0.076923,<PROJECT_ROOT>/logs/protocol_v3_rolling_canonical/medclipseg_busi/seed789/controls/true/summary.csv
RollingUNet,image-only,medclipseg_clinicdb,123,61,0.875289,0.806199,0.515296,21.239932,5.127637,0.016393,<PROJECT_ROOT>/logs/protocol_v3_rolling_canonical/medclipseg_clinicdb/seed123/controls/true/summary.csv
RollingUNet,image-only,medclipseg_clinicdb,456,61,0.879423,0.806751,0.508762,23.322842,5.395940,0.000000,<PROJECT_ROOT>/logs/protocol_v3_rolling_canonical/medclipseg_clinicdb/seed456/controls/true/summary.csv
RollingUNet,image-only,medclipseg_clinicdb,789,61,0.864561,0.790705,0.472289,19.818086,5.041240,0.016393,<PROJECT_ROOT>/logs/protocol_v3_rolling_canonical/medclipseg_clinicdb/seed789/controls/true/summary.csv
RollingUNet,image-only,medclipseg_busbra,123,282,0.877254,0.798167,0.493861,20.164804,5.917412,0.000000,<PROJECT_ROOT>/logs/protocol_v3_rolling_canonical/medclipseg_busbra/seed123/controls/true/summary.csv
RollingUNet,image-only,medclipseg_busbra,456,282,0.885288,0.808941,0.518023,18.442103,5.305939,0.000000,<PROJECT_ROOT>/logs/protocol_v3_rolling_canonical/medclipseg_busbra/seed456/controls/true/summary.csv
RollingUNet,image-only,medclipseg_busbra,789,282,0.877584,0.800816,0.508170,17.530327,5.319838,0.003546,<PROJECT_ROOT>/logs/protocol_v3_rolling_canonical/medclipseg_busbra/seed789/controls/true/summary.csv
RollingUNet,image-only,medclipseg_brisc,123,892,0.847608,0.775813,0.641178,13.865511,4.714388,0.019058,<PROJECT_ROOT>/logs/protocol_v3_rolling_canonical/medclipseg_brisc/seed123/controls/true/summary.csv
RollingUNet,image-only,medclipseg_brisc,456,892,0.845631,0.774505,0.643543,13.542142,4.893351,0.017937,<PROJECT_ROOT>/logs/protocol_v3_rolling_canonical/medclipseg_brisc/seed456/controls/true/summary.csv
RollingUNet,image-only,medclipseg_brisc,789,892,0.857722,0.785508,0.654596,13.406458,4.405817,0.012332,<PROJECT_ROOT>/logs/protocol_v3_rolling_canonical/medclipseg_brisc/seed789/controls/true/summary.csv
RollingUNet,image-only,medclipseg_covid19,123,2113,0.790619,0.694737,0.660621,29.486413,6.945731,0.000947,<PROJECT_ROOT>/logs/protocol_v3_rolling_canonical/medclipseg_covid19/seed123/controls/true/summary.csv
RollingUNet,image-only,medclipseg_covid19,456,2113,0.793707,0.698387,0.665890,29.719957,6.876769,0.001893,<PROJECT_ROOT>/logs/protocol_v3_rolling_canonical/medclipseg_covid19/seed456/controls/true/summary.csv
RollingUNet,image-only,medclipseg_covid19,789,2113,0.795237,0.701582,0.667545,28.309206,6.771325,0.002840,<PROJECT_ROOT>/logs/protocol_v3_rolling_canonical/medclipseg_covid19/seed789/controls/true/summary.csv
U-Net,image-only,medclipseg_busi,123,78,0.605843,0.519670,0.115858,121.487320,30.431943,0.166667,<PROJECT_ROOT>/logs/protocol_v3_image_baselines/unet/medclipseg_busi/seed123/controls/true/summary.csv
U-Net,image-only,medclipseg_busi,456,78,0.606886,0.516561,0.108613,151.479766,37.659014,0.166667,<PROJECT_ROOT>/logs/protocol_v3_image_baselines/unet/medclipseg_busi/seed456/controls/true/summary.csv
U-Net,image-only,medclipseg_busi,789,78,0.626498,0.544831,0.143756,89.413157,24.294876,0.166667,<PROJECT_ROOT>/logs/protocol_v3_image_baselines/unet/medclipseg_busi/seed789/controls/true/summary.csv
U-Net,image-only,medclipseg_clinicdb,123,61,0.841310,0.761259,0.361853,42.060919,10.393984,0.000000,<PROJECT_ROOT>/logs/protocol_v3_image_baselines/unet/medclipseg_clinicdb/seed123/controls/true/summary.csv
U-Net,image-only,medclipseg_clinicdb,456,61,0.863962,0.785473,0.375801,34.805346,8.515261,0.000000,<PROJECT_ROOT>/logs/protocol_v3_image_baselines/unet/medclipseg_clinicdb/seed456/controls/true/summary.csv
U-Net,image-only,medclipseg_clinicdb,789,61,0.863004,0.784872,0.427346,31.511986,7.633119,0.000000,<PROJECT_ROOT>/logs/protocol_v3_image_baselines/unet/medclipseg_clinicdb/seed789/controls/true/summary.csv
U-Net,image-only,medclipseg_busbra,123,282,0.874169,0.791439,0.454145,22.571293,6.033196,0.000000,<PROJECT_ROOT>/logs/protocol_v3_image_baselines/unet/medclipseg_busbra/seed123/controls/true/summary.csv
U-Net,image-only,medclipseg_busbra,456,282,0.874357,0.791806,0.440908,22.565464,6.158326,0.000000,<PROJECT_ROOT>/logs/protocol_v3_image_baselines/unet/medclipseg_busbra/seed456/controls/true/summary.csv
U-Net,image-only,medclipseg_busbra,789,282,0.872002,0.788641,0.447515,21.374645,5.947160,0.000000,<PROJECT_ROOT>/logs/protocol_v3_image_baselines/unet/medclipseg_busbra/seed789/controls/true/summary.csv
U-Net,image-only,medclipseg_brisc,123,892,0.848828,0.774625,0.625341,14.175327,5.002423,0.005605,<PROJECT_ROOT>/logs/protocol_v3_image_baselines/unet/medclipseg_brisc/seed123/controls/true/summary.csv
U-Net,image-only,medclipseg_brisc,456,892,0.851220,0.774908,0.606045,13.600299,4.821505,0.004484,<PROJECT_ROOT>/logs/protocol_v3_image_baselines/unet/medclipseg_brisc/seed456/controls/true/summary.csv
U-Net,image-only,medclipseg_brisc,789,892,0.849875,0.775366,0.618995,13.683931,4.793107,0.008969,<PROJECT_ROOT>/logs/protocol_v3_image_baselines/unet/medclipseg_brisc/seed789/controls/true/summary.csv
U-Net,image-only,medclipseg_covid19,123,2113,0.788625,0.690449,0.636786,30.395434,7.043660,0.000000,<PROJECT_ROOT>/logs/protocol_v3_image_baselines/unet/medclipseg_covid19/seed123/controls/true/summary.csv
U-Net,image-only,medclipseg_covid19,456,2113,0.788349,0.691223,0.645608,30.690859,7.184197,0.000000,<PROJECT_ROOT>/logs/protocol_v3_image_baselines/unet/medclipseg_covid19/seed456/controls/true/summary.csv
U-Net,image-only,medclipseg_covid19,789,2113,0.787218,0.688888,0.639997,30.312953,7.166395,0.000000,<PROJECT_ROOT>/logs/protocol_v3_image_baselines/unet/medclipseg_covid19/seed789/controls/true/summary.csv
U-Net++,image-only,medclipseg_busi,123,78,0.761298,0.692790,0.344487,46.524252,15.704325,0.064103,<PROJECT_ROOT>/logs/protocol_v3_image_baselines/unetplusplus/medclipseg_busi/seed123/controls/true/summary.csv
U-Net++,image-only,medclipseg_busi,456,78,0.769193,0.702615,0.362516,52.495929,16.270686,0.051282,<PROJECT_ROOT>/logs/protocol_v3_image_baselines/unetplusplus/medclipseg_busi/seed456/controls/true/summary.csv
U-Net++,image-only,medclipseg_busi,789,78,0.755891,0.686986,0.333693,47.273978,15.358432,0.076923,<PROJECT_ROOT>/logs/protocol_v3_image_baselines/unetplusplus/medclipseg_busi/seed789/controls/true/summary.csv
U-Net++,image-only,medclipseg_clinicdb,123,61,0.899458,0.833683,0.595433,18.660098,4.747142,0.000000,<PROJECT_ROOT>/logs/protocol_v3_image_baselines/unetplusplus/medclipseg_clinicdb/seed123/controls/true/summary.csv
U-Net++,image-only,medclipseg_clinicdb,456,61,0.903093,0.839423,0.613734,19.937449,4.943317,0.000000,<PROJECT_ROOT>/logs/protocol_v3_image_baselines/unetplusplus/medclipseg_clinicdb/seed456/controls/true/summary.csv
U-Net++,image-only,medclipseg_clinicdb,789,61,0.890597,0.822984,0.593049,16.804317,4.547300,0.000000,<PROJECT_ROOT>/logs/protocol_v3_image_baselines/unetplusplus/medclipseg_clinicdb/seed789/controls/true/summary.csv
U-Net++,image-only,medclipseg_busbra,123,282,0.886220,0.811751,0.530520,18.468009,5.264727,0.000000,<PROJECT_ROOT>/logs/protocol_v3_image_baselines/unetplusplus/medclipseg_busbra/seed123/controls/true/summary.csv
U-Net++,image-only,medclipseg_busbra,456,282,0.885211,0.810464,0.532264,19.039081,5.219179,0.000000,<PROJECT_ROOT>/logs/protocol_v3_image_baselines/unetplusplus/medclipseg_busbra/seed456/controls/true/summary.csv
U-Net++,image-only,medclipseg_busbra,789,282,0.886274,0.811331,0.528282,17.996624,5.171898,0.000000,<PROJECT_ROOT>/logs/protocol_v3_image_baselines/unetplusplus/medclipseg_busbra/seed789/controls/true/summary.csv
U-Net++,image-only,medclipseg_brisc,123,892,0.857581,0.789100,0.681004,13.618983,4.708331,0.005605,<PROJECT_ROOT>/logs/protocol_v3_image_baselines/unetplusplus/medclipseg_brisc/seed123/controls/true/summary.csv
U-Net++,image-only,medclipseg_brisc,456,892,0.864055,0.793905,0.677181,13.373768,4.594773,0.005605,<PROJECT_ROOT>/logs/protocol_v3_image_baselines/unetplusplus/medclipseg_brisc/seed456/controls/true/summary.csv
U-Net++,image-only,medclipseg_brisc,789,892,0.856561,0.786687,0.671632,13.672218,4.934172,0.011211,<PROJECT_ROOT>/logs/protocol_v3_image_baselines/unetplusplus/medclipseg_brisc/seed789/controls/true/summary.csv
U-Net++,image-only,medclipseg_covid19,123,2113,0.799527,0.704614,0.666892,27.754541,6.493623,0.000000,<PROJECT_ROOT>/logs/protocol_v3_image_baselines/unetplusplus/medclipseg_covid19/seed123/controls/true/summary.csv
U-Net++,image-only,medclipseg_covid19,456,2113,0.800676,0.705984,0.666129,28.232142,6.589791,0.000000,<PROJECT_ROOT>/logs/protocol_v3_image_baselines/unetplusplus/medclipseg_covid19/seed456/controls/true/summary.csv
U-Net++,image-only,medclipseg_covid19,789,2113,0.799913,0.704708,0.663942,28.077613,6.506273,0.000000,<PROJECT_ROOT>/logs/protocol_v3_image_baselines/unetplusplus/medclipseg_covid19/seed789/controls/true/summary.csv
nnU-Net,image-only,medclipseg_busi,123,78,0.747575,0.683258,0.341558,42.759073,13.285792,0.102564,<PROJECT_ROOT>/logs/protocol_v3_image_baselines/nnunet/medclipseg_busi/seed123/controls/true/summary.csv
nnU-Net,image-only,medclipseg_busi,456,78,0.749955,0.687909,0.331727,43.298725,15.583388,0.089744,<PROJECT_ROOT>/logs/protocol_v3_image_baselines/nnunet/medclipseg_busi/seed456/controls/true/summary.csv
nnU-Net,image-only,medclipseg_busi,789,78,0.752188,0.687857,0.339434,47.902513,17.428946,0.064103,<PROJECT_ROOT>/logs/protocol_v3_image_baselines/nnunet/medclipseg_busi/seed789/controls/true/summary.csv
nnU-Net,image-only,medclipseg_clinicdb,123,61,0.934657,0.884329,0.700594,9.010018,2.585528,0.000000,<PROJECT_ROOT>/logs/protocol_v3_image_baselines/nnunet/medclipseg_clinicdb/seed123/controls/true/summary.csv
nnU-Net,image-only,medclipseg_clinicdb,456,61,0.939742,0.889587,0.706753,9.220298,2.552851,0.000000,<PROJECT_ROOT>/logs/protocol_v3_image_baselines/nnunet/medclipseg_clinicdb/seed456/controls/true/summary.csv
nnU-Net,image-only,medclipseg_clinicdb,789,61,0.934274,0.884941,0.710037,11.237194,3.003845,0.000000,<PROJECT_ROOT>/logs/protocol_v3_image_baselines/nnunet/medclipseg_clinicdb/seed789/controls/true/summary.csv
nnU-Net,image-only,medclipseg_busbra,123,282,0.899039,0.829781,0.539163,14.806493,4.503257,0.000000,<PROJECT_ROOT>/logs/protocol_v3_image_baselines/nnunet/medclipseg_busbra/seed123/controls/true/summary.csv
nnU-Net,image-only,medclipseg_busbra,456,282,0.901853,0.833350,0.542791,14.235262,4.336265,0.000000,<PROJECT_ROOT>/logs/protocol_v3_image_baselines/nnunet/medclipseg_busbra/seed456/controls/true/summary.csv
nnU-Net,image-only,medclipseg_busbra,789,282,0.893199,0.823811,0.534654,15.462928,4.714146,0.000000,<PROJECT_ROOT>/logs/protocol_v3_image_baselines/nnunet/medclipseg_busbra/seed789/controls/true/summary.csv
nnU-Net,image-only,medclipseg_brisc,123,892,0.869045,0.808462,0.727793,12.226788,3.838518,0.019058,<PROJECT_ROOT>/logs/protocol_v3_image_baselines/nnunet/medclipseg_brisc/seed123/controls/true/summary.csv
nnU-Net,image-only,medclipseg_brisc,456,892,0.875932,0.816850,0.737749,12.323500,3.775064,0.014574,<PROJECT_ROOT>/logs/protocol_v3_image_baselines/nnunet/medclipseg_brisc/seed456/controls/true/summary.csv
nnU-Net,image-only,medclipseg_brisc,789,892,0.873873,0.814035,0.734469,13.202391,4.251031,0.011211,<PROJECT_ROOT>/logs/protocol_v3_image_baselines/nnunet/medclipseg_brisc/seed789/controls/true/summary.csv
nnU-Net,image-only,medclipseg_covid19,123,2113,0.789104,0.693871,0.657429,28.753760,6.722292,0.005679,<PROJECT_ROOT>/logs/protocol_v3_image_baselines/nnunet/medclipseg_covid19/seed123/controls/true/summary.csv
nnU-Net,image-only,medclipseg_covid19,456,2113,0.791144,0.698121,0.661690,27.557064,6.513694,0.007099,<PROJECT_ROOT>/logs/protocol_v3_image_baselines/nnunet/medclipseg_covid19/seed456/controls/true/summary.csv
nnU-Net,image-only,medclipseg_covid19,789,2113,0.791708,0.698021,0.663447,27.705973,6.414114,0.008519,<PROJECT_ROOT>/logs/protocol_v3_image_baselines/nnunet/medclipseg_covid19/seed789/controls/true/summary.csv
U-Mamba,image-only,medclipseg_busi,123,78,0.757393,0.695256,0.366427,63.078280,19.821445,0.064103,<PROJECT_ROOT>/logs/protocol_v3_image_baselines/umamba/medclipseg_busi/seed123/controls/true/summary.csv
U-Mamba,image-only,medclipseg_busi,456,78,0.768672,0.704378,0.359627,43.889882,14.627136,0.076923,<PROJECT_ROOT>/logs/protocol_v3_image_baselines/umamba/medclipseg_busi/seed456/controls/true/summary.csv
U-Mamba,image-only,medclipseg_busi,789,78,0.772906,0.705142,0.338318,40.516836,15.471815,0.064103,<PROJECT_ROOT>/logs/protocol_v3_image_baselines/umamba/medclipseg_busi/seed789/controls/true/summary.csv
U-Mamba,image-only,medclipseg_clinicdb,123,61,0.923883,0.874736,0.700177,12.689030,3.363484,0.000000,<PROJECT_ROOT>/logs/protocol_v3_image_baselines/umamba/medclipseg_clinicdb/seed123/controls/true/summary.csv
U-Mamba,image-only,medclipseg_clinicdb,456,61,0.920886,0.868174,0.684377,13.722367,3.641582,0.000000,<PROJECT_ROOT>/logs/protocol_v3_image_baselines/umamba/medclipseg_clinicdb/seed456/controls/true/summary.csv
U-Mamba,image-only,medclipseg_clinicdb,789,61,0.921489,0.870773,0.709092,13.275593,3.797372,0.000000,<PROJECT_ROOT>/logs/protocol_v3_image_baselines/umamba/medclipseg_clinicdb/seed789/controls/true/summary.csv
U-Mamba,image-only,medclipseg_busbra,123,282,0.898584,0.831146,0.551734,14.381124,4.589328,0.000000,<PROJECT_ROOT>/logs/protocol_v3_image_baselines/umamba/medclipseg_busbra/seed123/controls/true/summary.csv
U-Mamba,image-only,medclipseg_busbra,456,282,0.907723,0.840623,0.554911,12.924286,4.077818,0.000000,<PROJECT_ROOT>/logs/protocol_v3_image_baselines/umamba/medclipseg_busbra/seed456/controls/true/summary.csv
U-Mamba,image-only,medclipseg_busbra,789,282,0.903906,0.835560,0.550955,13.852198,4.283612,0.000000,<PROJECT_ROOT>/logs/protocol_v3_image_baselines/umamba/medclipseg_busbra/seed789/controls/true/summary.csv
U-Mamba,image-only,medclipseg_brisc,123,892,0.858495,0.797512,0.712224,13.300651,4.669851,0.016816,<PROJECT_ROOT>/logs/protocol_v3_image_baselines/umamba/medclipseg_brisc/seed123/controls/true/summary.csv
U-Mamba,image-only,medclipseg_brisc,456,892,0.847267,0.784439,0.690265,13.487940,4.775213,0.022422,<PROJECT_ROOT>/logs/protocol_v3_image_baselines/umamba/medclipseg_brisc/seed456/controls/true/summary.csv
U-Mamba,image-only,medclipseg_brisc,789,892,0.855370,0.792984,0.703230,12.902126,4.416180,0.021300,<PROJECT_ROOT>/logs/protocol_v3_image_baselines/umamba/medclipseg_brisc/seed789/controls/true/summary.csv
U-Mamba,image-only,medclipseg_covid19,123,2113,0.790535,0.695833,0.661674,27.634290,6.698569,0.005206,<PROJECT_ROOT>/logs/protocol_v3_image_baselines/umamba/medclipseg_covid19/seed123/controls/true/summary.csv
U-Mamba,image-only,medclipseg_covid19,456,2113,0.787744,0.693189,0.660354,28.575310,6.870370,0.005206,<PROJECT_ROOT>/logs/protocol_v3_image_baselines/umamba/medclipseg_covid19/seed456/controls/true/summary.csv
U-Mamba,image-only,medclipseg_covid19,789,2113,0.793991,0.701476,0.668365,27.143798,6.518583,0.008045,<PROJECT_ROOT>/logs/protocol_v3_image_baselines/umamba/medclipseg_covid19/seed789/controls/true/summary.csv
U-KAN,image-only,medclipseg_busi,123,78,0.809338,0.742602,0.404872,45.347031,15.270587,0.025641,<PROJECT_ROOT>/logs/protocol_v3_image_baselines/ukan/medclipseg_busi/seed123/controls/true/summary.csv
U-KAN,image-only,medclipseg_busi,456,78,0.749992,0.681865,0.355805,50.776422,18.677265,0.076923,<PROJECT_ROOT>/logs/protocol_v3_image_baselines/ukan/medclipseg_busi/seed456/controls/true/summary.csv
U-KAN,image-only,medclipseg_busi,789,78,0.753561,0.686788,0.352436,48.518092,16.418938,0.076923,<PROJECT_ROOT>/logs/protocol_v3_image_baselines/ukan/medclipseg_busi/seed789/controls/true/summary.csv
U-KAN,image-only,medclipseg_clinicdb,123,61,0.917095,0.855736,0.625990,15.021767,3.841965,0.000000,<PROJECT_ROOT>/logs/protocol_v3_image_baselines/ukan/medclipseg_clinicdb/seed123/controls/true/summary.csv
U-KAN,image-only,medclipseg_clinicdb,456,61,0.910345,0.849394,0.632624,16.178732,4.088568,0.000000,<PROJECT_ROOT>/logs/protocol_v3_image_baselines/ukan/medclipseg_clinicdb/seed456/controls/true/summary.csv
U-KAN,image-only,medclipseg_clinicdb,789,61,0.914435,0.854171,0.629253,14.314954,3.749721,0.000000,<PROJECT_ROOT>/logs/protocol_v3_image_baselines/ukan/medclipseg_clinicdb/seed789/controls/true/summary.csv
U-KAN,image-only,medclipseg_busbra,123,282,0.884354,0.811070,0.524070,16.891226,5.303514,0.000000,<PROJECT_ROOT>/logs/protocol_v3_image_baselines/ukan/medclipseg_busbra/seed123/controls/true/summary.csv
U-KAN,image-only,medclipseg_busbra,456,282,0.878784,0.804207,0.520967,17.340792,5.401305,0.000000,<PROJECT_ROOT>/logs/protocol_v3_image_baselines/ukan/medclipseg_busbra/seed456/controls/true/summary.csv
U-KAN,image-only,medclipseg_busbra,789,282,0.893589,0.820380,0.534012,16.711820,4.862727,0.000000,<PROJECT_ROOT>/logs/protocol_v3_image_baselines/ukan/medclipseg_busbra/seed789/controls/true/summary.csv
U-KAN,image-only,medclipseg_brisc,123,892,0.850875,0.779248,0.643118,13.689228,4.446775,0.019058,<PROJECT_ROOT>/logs/protocol_v3_image_baselines/ukan/medclipseg_brisc/seed123/controls/true/summary.csv
U-KAN,image-only,medclipseg_brisc,456,892,0.856175,0.785911,0.653646,12.307270,4.092466,0.016816,<PROJECT_ROOT>/logs/protocol_v3_image_baselines/ukan/medclipseg_brisc/seed456/controls/true/summary.csv
U-KAN,image-only,medclipseg_brisc,789,892,0.856576,0.784592,0.649882,13.050674,4.308848,0.011211,<PROJECT_ROOT>/logs/protocol_v3_image_baselines/ukan/medclipseg_brisc/seed789/controls/true/summary.csv
U-KAN,image-only,medclipseg_covid19,123,2113,0.792762,0.696381,0.669428,30.288774,7.121318,0.001893,<PROJECT_ROOT>/logs/protocol_v3_image_baselines/ukan/medclipseg_covid19/seed123/controls/true/summary.csv
U-KAN,image-only,medclipseg_covid19,456,2113,0.796240,0.702308,0.675587,28.289340,6.669413,0.005206,<PROJECT_ROOT>/logs/protocol_v3_image_baselines/ukan/medclipseg_covid19/seed456/controls/true/summary.csv
U-KAN,image-only,medclipseg_covid19,789,2113,0.792447,0.698629,0.671810,29.392963,6.860998,0.004259,<PROJECT_ROOT>/logs/protocol_v3_image_baselines/ukan/medclipseg_covid19/seed789/controls/true/summary.csv
